dataset,filename,method,niqe
sots_o,0001_0.8_0.2.png,original,20.105252
sots_o,0001_0.8_0.2.png,dcp,19.306895
sots_o,0001_0.8_0.2.png,aodnet,19.995729
sots_o,0002_0.8_0.08.png,original,20.598337
sots_o,0002_0.8_0.08.png,dcp,20.323156
sots_o,0002_0.8_0.08.png,aodnet,20.779959
sots_o,0003_0.8_0.2.png,original,20.690432
sots_o,0003_0.8_0.2.png,dcp,20.341597
sots_o,0003_0.8_0.2.png,aodnet,20.609331
sots_o,0004_0.9_0.12.png,original,19.859149
sots_o,0004_0.9_0.12.png,dcp,19.336592
sots_o,0004_0.9_0.12.png,aodnet,19.682306
sots_o,0006_0.85_0.08.png,original,20.289801
sots_o,0006_0.85_0.08.png,dcp,19.930599
sots_o,0006_0.85_0.08.png,aodnet,20.255919
sots_o,0007_0.9_0.16.png,original,20.536448
sots_o,0007_0.9_0.16.png,dcp,20.455700
sots_o,0007_0.9_0.16.png,aodnet,20.628301
sots_o,0009_0.8_0.16.png,original,20.798521
sots_o,0009_0.8_0.16.png,dcp,20.753342
sots_o,0009_0.8_0.16.png,aodnet,20.740999
sots_o,0010_0.95_0.16.png,original,21.010957
sots_o,0010_0.95_0.16.png,dcp,21.207281
sots_o,0010_0.95_0.16.png,aodnet,21.276930
sots_o,0011_0.95_0.16.png,original,20.731632
sots_o,0011_0.95_0.16.png,dcp,20.587773
sots_o,0011_0.95_0.16.png,aodnet,20.759418
sots_o,0014_0.8_0.12.png,original,20.427423
sots_o,0014_0.8_0.12.png,dcp,20.142830
sots_o,0014_0.8_0.12.png,aodnet,20.509021
sots_o,0016_0.8_0.08.png,original,19.894357
sots_o,0016_0.8_0.08.png,dcp,19.257600
sots_o,0016_0.8_0.08.png,aodnet,19.708997
sots_o,0017_0.9_0.08.png,original,20.351384
sots_o,0017_0.9_0.08.png,dcp,20.025374
sots_o,0017_0.9_0.08.png,aodnet,20.514557
sots_o,0018_0.9_0.2.png,original,20.249663
sots_o,0018_0.9_0.2.png,dcp,19.833007
sots_o,0018_0.9_0.2.png,aodnet,20.133026
sots_o,0019_0.8_0.16.png,original,20.975261
sots_o,0019_0.8_0.16.png,dcp,20.397728
sots_o,0019_0.8_0.16.png,aodnet,21.175696
sots_o,0021_0.8_0.08.png,original,20.374990
sots_o,0021_0.8_0.08.png,dcp,20.016991
sots_o,0021_0.8_0.08.png,aodnet,20.379693
sots_o,0022_0.8_0.08.png,original,20.202785
sots_o,0022_0.8_0.08.png,dcp,19.811325
sots_o,0022_0.8_0.08.png,aodnet,20.234826
sots_o,0023_0.85_0.12.png,original,20.644979
sots_o,0023_0.85_0.12.png,dcp,20.421183
sots_o,0023_0.85_0.12.png,aodnet,20.566634
sots_o,0024_0.85_0.08.png,original,20.787853
sots_o,0024_0.85_0.08.png,dcp,20.509726
sots_o,0024_0.85_0.08.png,aodnet,20.884322
sots_o,0025_0.8_0.16.png,original,20.391026
sots_o,0025_0.8_0.16.png,dcp,20.028931
sots_o,0025_0.8_0.16.png,aodnet,20.486282
sots_o,0026_0.95_0.08.png,original,20.418590
sots_o,0026_0.95_0.08.png,dcp,20.187399
sots_o,0026_0.95_0.08.png,aodnet,20.516001
sots_o,0029_0.85_0.08.png,original,20.258884
sots_o,0029_0.85_0.08.png,dcp,20.075550
sots_o,0029_0.85_0.08.png,aodnet,20.435313
sots_o,0030_0.95_0.12.png,original,20.323141
sots_o,0030_0.95_0.12.png,dcp,20.087965
sots_o,0030_0.95_0.12.png,aodnet,20.452376
sots_o,0033_0.85_0.08.png,original,20.027051
sots_o,0033_0.85_0.08.png,dcp,19.838683
sots_o,0033_0.85_0.08.png,aodnet,20.146111
sots_o,0034_0.9_0.16.png,original,20.499107
sots_o,0034_0.9_0.16.png,dcp,20.420216
sots_o,0034_0.9_0.16.png,aodnet,20.672443
sots_o,0036_1_0.08.png,original,20.861264
sots_o,0036_1_0.08.png,dcp,20.382238
sots_o,0036_1_0.08.png,aodnet,20.780509
sots_o,0039_0.9_0.2.png,original,19.675849
sots_o,0039_0.9_0.2.png,dcp,19.307574
sots_o,0039_0.9_0.2.png,aodnet,19.797254
sots_o,0040_1_0.08.png,original,20.049699
sots_o,0040_1_0.08.png,dcp,20.004246
sots_o,0040_1_0.08.png,aodnet,20.047197
sots_o,0042_0.8_0.2.png,original,20.376424
sots_o,0042_0.8_0.2.png,dcp,19.938719
sots_o,0042_0.8_0.2.png,aodnet,20.360441
sots_o,0045_0.8_0.16.png,original,20.374346
sots_o,0045_0.8_0.16.png,dcp,20.445620
sots_o,0045_0.8_0.16.png,aodnet,20.441993
sots_o,0046_0.9_0.16.png,original,20.268514
sots_o,0046_0.9_0.16.png,dcp,20.276269
sots_o,0046_0.9_0.16.png,aodnet,20.496059
sots_o,0047_0.9_0.12.png,original,20.491420
sots_o,0047_0.9_0.12.png,dcp,20.444881
sots_o,0047_0.9_0.12.png,aodnet,20.676616
sots_o,0048_0.9_0.2.png,original,20.493369
sots_o,0048_0.9_0.2.png,dcp,20.116319
sots_o,0048_0.9_0.2.png,aodnet,20.329292
sots_o,0049_0.85_0.12.png,original,20.130527
sots_o,0049_0.85_0.12.png,dcp,19.775110
sots_o,0049_0.85_0.12.png,aodnet,20.187560
sots_o,0051_0.8_0.2.png,original,20.316424
sots_o,0051_0.8_0.2.png,dcp,20.115757
sots_o,0051_0.8_0.2.png,aodnet,20.366652
sots_o,0051_0.95_0.12.png,original,20.190132
sots_o,0051_0.95_0.12.png,dcp,20.017315
sots_o,0051_0.95_0.12.png,aodnet,20.282301
sots_o,0052_0.9_0.16.png,original,20.222548
sots_o,0052_0.9_0.16.png,dcp,20.039029
sots_o,0052_0.9_0.16.png,aodnet,20.210018
sots_o,0053_0.9_0.12.png,original,20.549308
sots_o,0053_0.9_0.12.png,dcp,20.473923
sots_o,0053_0.9_0.12.png,aodnet,20.604277
sots_o,0054_0.85_0.16.png,original,20.423760
sots_o,0054_0.85_0.16.png,dcp,20.332700
sots_o,0054_0.85_0.16.png,aodnet,20.463947
sots_o,0055_0.85_0.12.png,original,20.123773
sots_o,0055_0.85_0.12.png,dcp,20.202543
sots_o,0055_0.85_0.12.png,aodnet,20.213125
sots_o,0056_0.8_0.16.png,original,20.545653
sots_o,0056_0.8_0.16.png,dcp,20.535314
sots_o,0056_0.8_0.16.png,aodnet,20.648085
sots_o,0057_0.8_0.12.png,original,19.576079
sots_o,0057_0.8_0.12.png,dcp,19.042246
sots_o,0057_0.8_0.12.png,aodnet,19.376739
sots_o,0058_0.8_0.2.png,original,20.096737
sots_o,0058_0.8_0.2.png,dcp,19.459051
sots_o,0058_0.8_0.2.png,aodnet,20.075235
sots_o,0059_0.9_0.12.png,original,20.554125
sots_o,0059_0.9_0.12.png,dcp,20.010852
sots_o,0059_0.9_0.12.png,aodnet,20.715008
sots_o,0060_0.9_0.2.png,original,20.372373
sots_o,0060_0.9_0.2.png,dcp,20.189001
sots_o,0060_0.9_0.2.png,aodnet,20.561524
sots_o,0061_0.8_0.2.png,original,20.221802
sots_o,0061_0.8_0.2.png,dcp,20.390681
sots_o,0061_0.8_0.2.png,aodnet,20.503313
sots_o,0062_0.9_0.2.png,original,20.405262
sots_o,0062_0.9_0.2.png,dcp,20.248055
sots_o,0062_0.9_0.2.png,aodnet,20.584410
sots_o,0063_0.8_0.16.png,original,21.140770
sots_o,0063_0.8_0.16.png,dcp,21.028607
sots_o,0063_0.8_0.16.png,aodnet,21.332404
sots_o,0064_0.8_0.2.png,original,21.642946
sots_o,0064_0.8_0.2.png,dcp,21.026593
sots_o,0064_0.8_0.2.png,aodnet,21.922902
sots_o,0065_0.9_0.12.png,original,19.772710
sots_o,0065_0.9_0.12.png,dcp,19.101017
sots_o,0065_0.9_0.12.png,aodnet,19.742349
sots_o,0066_1_0.08.png,original,21.175676
sots_o,0066_1_0.08.png,dcp,20.355007
sots_o,0066_1_0.08.png,aodnet,20.644582
sots_o,0068_1_0.16.png,original,20.022782
sots_o,0068_1_0.16.png,dcp,19.792953
sots_o,0068_1_0.16.png,aodnet,20.079381
sots_o,0069_0.9_0.16.png,original,20.877092
sots_o,0069_0.9_0.16.png,dcp,20.463709
sots_o,0069_0.9_0.16.png,aodnet,21.171814
sots_o,0070_0.9_0.12.png,original,19.964738
sots_o,0070_0.9_0.12.png,dcp,19.818197
sots_o,0070_0.9_0.12.png,aodnet,20.001391
sots_o,0071_0.8_0.2.png,original,19.882736
sots_o,0071_0.8_0.2.png,dcp,19.249183
sots_o,0071_0.8_0.2.png,aodnet,19.857657
sots_o,0072_0.9_0.2.png,original,21.029536
sots_o,0072_0.9_0.2.png,dcp,20.891034
sots_o,0072_0.9_0.2.png,aodnet,20.836757
sots_o,0073_0.8_0.16.png,original,20.216243
sots_o,0073_0.8_0.16.png,dcp,19.699003
sots_o,0073_0.8_0.16.png,aodnet,20.270322
sots_o,0074_0.8_0.2.png,original,20.277232
sots_o,0074_0.8_0.2.png,dcp,20.135877
sots_o,0074_0.8_0.2.png,aodnet,20.359758
sots_o,0075_0.8_0.2.png,original,20.206181
sots_o,0075_0.8_0.2.png,dcp,19.377029
sots_o,0075_0.8_0.2.png,aodnet,20.221257
sots_o,0076_0.8_0.2.png,original,20.514921
sots_o,0076_0.8_0.2.png,dcp,20.246528
sots_o,0076_0.8_0.2.png,aodnet,20.676609
sots_o,0076_1_0.16.png,original,20.438976
sots_o,0076_1_0.16.png,dcp,20.123930
sots_o,0076_1_0.16.png,aodnet,20.638830
sots_o,0077_0.8_0.2.png,original,20.904678
sots_o,0077_0.8_0.2.png,dcp,20.283016
sots_o,0077_0.8_0.2.png,aodnet,20.771048
sots_o,0079_0.8_0.12.png,original,20.149811
sots_o,0079_0.8_0.12.png,dcp,19.913321
sots_o,0079_0.8_0.12.png,aodnet,20.245537
sots_o,0081_0.8_0.2.png,original,20.301759
sots_o,0081_0.8_0.2.png,dcp,20.236670
sots_o,0081_0.8_0.2.png,aodnet,20.393151
sots_o,0082_0.85_0.16.png,original,20.398308
sots_o,0082_0.85_0.16.png,dcp,20.298756
sots_o,0082_0.85_0.16.png,aodnet,20.528323
sots_o,0083_0.85_0.12.png,original,20.389004
sots_o,0083_0.85_0.12.png,dcp,20.310250
sots_o,0083_0.85_0.12.png,aodnet,20.505761
sots_o,0084_0.95_0.16.png,original,19.711779
sots_o,0084_0.95_0.16.png,dcp,19.306706
sots_o,0084_0.95_0.16.png,aodnet,19.639789
sots_o,0085_0.95_0.08.png,original,20.406592
sots_o,0085_0.95_0.08.png,dcp,20.073978
sots_o,0085_0.95_0.08.png,aodnet,20.659085
sots_o,0086_0.8_0.2.png,original,20.281685
sots_o,0086_0.8_0.2.png,dcp,19.929968
sots_o,0086_0.8_0.2.png,aodnet,20.583119
sots_o,0086_0.95_0.12.png,original,20.006949
sots_o,0086_0.95_0.12.png,dcp,19.653812
sots_o,0086_0.95_0.12.png,aodnet,20.312415
sots_o,0087_0.9_0.16.png,original,20.135292
sots_o,0087_0.9_0.16.png,dcp,19.567954
sots_o,0087_0.9_0.16.png,aodnet,20.028120
sots_o,0088_0.9_0.12.png,original,20.960277
sots_o,0088_0.9_0.12.png,dcp,21.010959
sots_o,0088_0.9_0.12.png,aodnet,21.088147
sots_o,0089_0.9_0.2.png,original,20.749405
sots_o,0089_0.9_0.2.png,dcp,20.112611
sots_o,0089_0.9_0.2.png,aodnet,20.545133
sots_o,0090_0.85_0.12.png,original,20.882940
sots_o,0090_0.85_0.12.png,dcp,20.755486
sots_o,0090_0.85_0.12.png,aodnet,21.117075
sots_o,0091_0.85_0.2.png,original,20.240358
sots_o,0091_0.85_0.2.png,dcp,19.860113
sots_o,0091_0.85_0.2.png,aodnet,20.224625
sots_o,0092_0.85_0.2.png,original,19.696458
sots_o,0092_0.85_0.2.png,dcp,19.086567
sots_o,0092_0.85_0.2.png,aodnet,19.606780
sots_o,0093_0.8_0.08.png,original,20.328424
sots_o,0093_0.8_0.08.png,dcp,20.240020
sots_o,0093_0.8_0.08.png,aodnet,20.480499
sots_o,0094_0.8_0.2.png,original,20.599888
sots_o,0094_0.8_0.2.png,dcp,20.100121
sots_o,0094_0.8_0.2.png,aodnet,20.519773
sots_o,0095_0.8_0.08.png,original,20.529154
sots_o,0095_0.8_0.08.png,dcp,20.328400
sots_o,0095_0.8_0.08.png,aodnet,20.731612
sots_o,0096_0.8_0.2.png,original,20.252121
sots_o,0096_0.8_0.2.png,dcp,20.002114
sots_o,0096_0.8_0.2.png,aodnet,20.534412
sots_o,0097_0.85_0.08.png,original,20.473038
sots_o,0097_0.85_0.08.png,dcp,20.201621
sots_o,0097_0.85_0.08.png,aodnet,20.488487
sots_o,0098_0.85_0.2.png,original,20.055011
sots_o,0098_0.85_0.2.png,dcp,19.679832
sots_o,0098_0.85_0.2.png,aodnet,20.149296
sots_o,0099_0.9_0.16.png,original,19.483647
sots_o,0099_0.9_0.16.png,dcp,18.707841
sots_o,0099_0.9_0.16.png,aodnet,19.441804
sots_o,0100_0.9_0.12.png,original,20.907827
sots_o,0100_0.9_0.12.png,dcp,20.787840
sots_o,0100_0.9_0.12.png,aodnet,21.040597
sots_o,0101_0.9_0.08.png,original,20.423111
sots_o,0101_0.9_0.08.png,dcp,20.860306
sots_o,0101_0.9_0.08.png,aodnet,20.578361
sots_o,0102_0.85_0.12.png,original,20.662407
sots_o,0102_0.85_0.12.png,dcp,20.350960
sots_o,0102_0.85_0.12.png,aodnet,20.572546
sots_o,0104_0.95_0.12.png,original,20.540136
sots_o,0104_0.95_0.12.png,dcp,20.274267
sots_o,0104_0.95_0.12.png,aodnet,20.739434
sots_o,0105_0.95_0.2.png,original,21.755477
sots_o,0105_0.95_0.2.png,dcp,21.099953
sots_o,0105_0.95_0.2.png,aodnet,21.880362
sots_o,0106_0.9_0.08.png,original,20.619367
sots_o,0106_0.9_0.08.png,dcp,20.187425
sots_o,0106_0.9_0.08.png,aodnet,20.902080
sots_o,0107_0.9_0.08.png,original,20.284450
sots_o,0107_0.9_0.08.png,dcp,20.322034
sots_o,0107_0.9_0.08.png,aodnet,20.355053
sots_o,0108_0.8_0.16.png,original,20.671112
sots_o,0108_0.8_0.16.png,dcp,20.519297
sots_o,0108_0.8_0.16.png,aodnet,20.613056
sots_o,0108_1_0.2.png,original,20.704305
sots_o,0108_1_0.2.png,dcp,20.422968
sots_o,0108_1_0.2.png,aodnet,20.609618
sots_o,0109_0.85_0.08.png,original,20.475668
sots_o,0109_0.85_0.08.png,dcp,20.959051
sots_o,0109_0.85_0.08.png,aodnet,20.861243
sots_o,0110_0.8_0.12.png,original,20.285376
sots_o,0110_0.8_0.12.png,dcp,19.815457
sots_o,0110_0.8_0.12.png,aodnet,20.211281
sots_o,0111_0.8_0.2.png,original,20.556546
sots_o,0111_0.8_0.2.png,dcp,20.285525
sots_o,0111_0.8_0.2.png,aodnet,20.783098
sots_o,0112_0.8_0.2.png,original,20.179810
sots_o,0112_0.8_0.2.png,dcp,19.719018
sots_o,0112_0.8_0.2.png,aodnet,20.141630
sots_o,0113_0.9_0.08.png,original,20.908290
sots_o,0113_0.9_0.08.png,dcp,20.925489
sots_o,0113_0.9_0.08.png,aodnet,21.436190
sots_o,0115_0.8_0.12.png,original,20.623087
sots_o,0115_0.8_0.12.png,dcp,20.428754
sots_o,0115_0.8_0.12.png,aodnet,20.550042
sots_o,0116_0.9_0.16.png,original,20.714845
sots_o,0116_0.9_0.16.png,dcp,20.622109
sots_o,0116_0.9_0.16.png,aodnet,20.802456
sots_o,0117_0.9_0.12.png,original,20.495403
sots_o,0117_0.9_0.12.png,dcp,19.845661
sots_o,0117_0.9_0.12.png,aodnet,20.493653
sots_o,0118_0.9_0.2.png,original,20.474475
sots_o,0118_0.9_0.2.png,dcp,20.208524
sots_o,0118_0.9_0.2.png,aodnet,20.595469
sots_o,0119_0.85_0.12.png,original,20.378169
sots_o,0119_0.85_0.12.png,dcp,20.199895
sots_o,0119_0.85_0.12.png,aodnet,20.645554
sots_o,0120_0.85_0.08.png,original,20.074498
sots_o,0120_0.85_0.08.png,dcp,19.894574
sots_o,0120_0.85_0.08.png,aodnet,20.114852
sots_o,0121_0.85_0.2.png,original,20.194639
sots_o,0121_0.85_0.2.png,dcp,19.984374
sots_o,0121_0.85_0.2.png,aodnet,20.381019
sots_o,0123_1_0.08.png,original,20.042890
sots_o,0123_1_0.08.png,dcp,19.487818
sots_o,0123_1_0.08.png,aodnet,20.283604
sots_o,0125_0.8_0.12.png,original,20.254634
sots_o,0125_0.8_0.12.png,dcp,20.134814
sots_o,0125_0.8_0.12.png,aodnet,20.278503
sots_o,0126_0.8_0.2.png,original,20.584194
sots_o,0126_0.8_0.2.png,dcp,20.632730
sots_o,0126_0.8_0.2.png,aodnet,20.564787
sots_o,0127_0.8_0.2.png,original,20.608153
sots_o,0127_0.8_0.2.png,dcp,20.341083
sots_o,0127_0.8_0.2.png,aodnet,20.582381
sots_o,0129_0.8_0.16.png,original,19.874916
sots_o,0129_0.8_0.16.png,dcp,19.216927
sots_o,0129_0.8_0.16.png,aodnet,19.887702
sots_o,0131_0.95_0.08.png,original,20.550649
sots_o,0131_0.95_0.08.png,dcp,20.649793
sots_o,0131_0.95_0.08.png,aodnet,20.857719
sots_o,0132_1_0.08.png,original,20.819776
sots_o,0132_1_0.08.png,dcp,20.695354
sots_o,0132_1_0.08.png,aodnet,20.881090
sots_o,0133_1_0.2.png,original,20.707506
sots_o,0133_1_0.2.png,dcp,20.654629
sots_o,0133_1_0.2.png,aodnet,20.870160
sots_o,0134_0.95_0.16.png,original,21.113729
sots_o,0134_0.95_0.16.png,dcp,20.436566
sots_o,0134_0.95_0.16.png,aodnet,21.325715
sots_o,0135_0.95_0.12.png,original,20.542199
sots_o,0135_0.95_0.12.png,dcp,20.449726
sots_o,0135_0.95_0.12.png,aodnet,21.169998
sots_o,0137_0.8_0.2.png,original,20.169120
sots_o,0137_0.8_0.2.png,dcp,19.154443
sots_o,0137_0.8_0.2.png,aodnet,20.276679
sots_o,0138_0.9_0.08.png,original,20.089514
sots_o,0138_0.9_0.08.png,dcp,19.756947
sots_o,0138_0.9_0.08.png,aodnet,20.130236
sots_o,0139_0.85_0.12.png,original,20.349372
sots_o,0139_0.85_0.12.png,dcp,20.253150
sots_o,0139_0.85_0.12.png,aodnet,20.382224
sots_o,0140_0.95_0.12.png,original,20.564596
sots_o,0140_0.95_0.12.png,dcp,20.094093
sots_o,0140_0.95_0.12.png,aodnet,20.387575
sots_o,0141_0.95_0.12.png,original,20.300443
sots_o,0141_0.95_0.12.png,dcp,19.887698
sots_o,0141_0.95_0.12.png,aodnet,20.400287
sots_o,0142_0.95_0.08.png,original,20.357884
sots_o,0142_0.95_0.08.png,dcp,20.012007
sots_o,0142_0.95_0.08.png,aodnet,20.885871
sots_o,0143_1_0.2.png,original,20.741346
sots_o,0143_1_0.2.png,dcp,20.316240
sots_o,0143_1_0.2.png,aodnet,20.914929
sots_o,0145_0.8_0.12.png,original,20.823044
sots_o,0145_0.8_0.12.png,dcp,20.590682
sots_o,0145_0.8_0.12.png,aodnet,20.962277
sots_o,0146_0.8_0.2.png,original,20.716314
sots_o,0146_0.8_0.2.png,dcp,20.419497
sots_o,0146_0.8_0.2.png,aodnet,20.933994
sots_o,0147_1_0.16.png,original,20.412619
sots_o,0147_1_0.16.png,dcp,20.287948
sots_o,0147_1_0.16.png,aodnet,20.658829
sots_o,0148_0.9_0.12.png,original,20.858660
sots_o,0148_0.9_0.12.png,dcp,20.573338
sots_o,0148_0.9_0.12.png,aodnet,20.980027
sots_o,0149_0.9_0.08.png,original,20.893952
sots_o,0149_0.9_0.08.png,dcp,20.166842
sots_o,0149_0.9_0.08.png,aodnet,20.785490
sots_o,0150_0.8_0.16.png,original,20.094468
sots_o,0150_0.8_0.16.png,dcp,19.657754
sots_o,0150_0.8_0.16.png,aodnet,20.235206
sots_o,0151_0.8_0.08.png,original,20.919118
sots_o,0151_0.8_0.08.png,dcp,20.478503
sots_o,0151_0.8_0.08.png,aodnet,21.032114
sots_o,0152_0.8_0.2.png,original,20.689387
sots_o,0152_0.8_0.2.png,dcp,20.099734
sots_o,0152_0.8_0.2.png,aodnet,20.426163
sots_o,0153_0.8_0.08.png,original,20.350203
sots_o,0153_0.8_0.08.png,dcp,20.296559
sots_o,0153_0.8_0.08.png,aodnet,20.403045
sots_o,0154_0.8_0.2.png,original,20.525595
sots_o,0154_0.8_0.2.png,dcp,20.581092
sots_o,0154_0.8_0.2.png,aodnet,20.673132
sots_o,0155_1_0.08.png,original,20.744259
sots_o,0155_1_0.08.png,dcp,20.543696
sots_o,0155_1_0.08.png,aodnet,20.877213
sots_o,0157_0.8_0.08.png,original,20.394169
sots_o,0157_0.8_0.08.png,dcp,20.341819
sots_o,0157_0.8_0.08.png,aodnet,20.920177
sots_o,0158_0.8_0.2.png,original,20.483633
sots_o,0158_0.8_0.2.png,dcp,20.269074
sots_o,0158_0.8_0.2.png,aodnet,20.778849
sots_o,0160_0.9_0.2.png,original,20.600986
sots_o,0160_0.9_0.2.png,dcp,20.478902
sots_o,0160_0.9_0.2.png,aodnet,20.630842
sots_o,0161_0.85_0.08.png,original,20.636012
sots_o,0161_0.85_0.08.png,dcp,20.602763
sots_o,0161_0.85_0.08.png,aodnet,20.653477
sots_o,0162_0.95_0.12.png,original,20.874624
sots_o,0162_0.95_0.12.png,dcp,20.481693
sots_o,0162_0.95_0.12.png,aodnet,21.012396
sots_o,0163_0.95_0.08.png,original,20.354332
sots_o,0163_0.95_0.08.png,dcp,20.027565
sots_o,0163_0.95_0.08.png,aodnet,20.400030
sots_o,0164_0.9_0.2.png,original,20.437672
sots_o,0164_0.9_0.2.png,dcp,20.516139
sots_o,0164_0.9_0.2.png,aodnet,20.512506
sots_o,0165_0.9_0.2.png,original,20.506870
sots_o,0165_0.9_0.2.png,dcp,19.815356
sots_o,0165_0.9_0.2.png,aodnet,20.667768
sots_o,0166_0.8_0.16.png,original,20.564416
sots_o,0166_0.8_0.16.png,dcp,20.732238
sots_o,0166_0.8_0.16.png,aodnet,20.722609
sots_o,0167_0.8_0.12.png,original,20.970675
sots_o,0167_0.8_0.12.png,dcp,20.702021
sots_o,0167_0.8_0.12.png,aodnet,21.114933
sots_o,0168_0.9_0.16.png,original,20.660396
sots_o,0168_0.9_0.16.png,dcp,20.632008
sots_o,0168_0.9_0.16.png,aodnet,20.848281
sots_o,0169_0.9_0.12.png,original,20.684570
sots_o,0169_0.9_0.12.png,dcp,20.695102
sots_o,0169_0.9_0.12.png,aodnet,20.988963
sots_o,0170_0.8_0.2.png,original,20.634988
sots_o,0170_0.8_0.2.png,dcp,20.646527
sots_o,0170_0.8_0.2.png,aodnet,21.012353
sots_o,0171_0.85_0.12.png,original,19.984836
sots_o,0171_0.85_0.12.png,dcp,19.747642
sots_o,0171_0.85_0.12.png,aodnet,20.822873
sots_o,0172_0.85_0.08.png,original,20.469057
sots_o,0172_0.85_0.08.png,dcp,20.000304
sots_o,0172_0.85_0.08.png,aodnet,20.299645
sots_o,0174_0.95_0.08.png,original,19.830872
sots_o,0174_0.95_0.08.png,dcp,19.132370
sots_o,0174_0.95_0.08.png,aodnet,19.708156
sots_o,0175_0.85_0.16.png,original,20.714884
sots_o,0175_0.85_0.16.png,dcp,20.584284
sots_o,0175_0.85_0.16.png,aodnet,20.695476
sots_o,0176_1_0.08.png,original,20.559942
sots_o,0176_1_0.08.png,dcp,20.513619
sots_o,0176_1_0.08.png,aodnet,20.711921
sots_o,0178_0.8_0.12.png,original,20.438783
sots_o,0178_0.8_0.12.png,dcp,20.137908
sots_o,0178_0.8_0.12.png,aodnet,20.502140
sots_o,0179_0.8_0.2.png,original,20.712561
sots_o,0179_0.8_0.2.png,dcp,20.350857
sots_o,0179_0.8_0.2.png,aodnet,20.740955
sots_o,0180_0.85_0.16.png,original,20.152422
sots_o,0180_0.85_0.16.png,dcp,19.415699
sots_o,0180_0.85_0.16.png,aodnet,20.235503
sots_o,0181_0.9_0.08.png,original,19.895524
sots_o,0181_0.9_0.08.png,dcp,19.709348
sots_o,0181_0.9_0.08.png,aodnet,20.087946
sots_o,0182_0.8_0.16.png,original,20.521932
sots_o,0182_0.8_0.16.png,dcp,19.976976
sots_o,0182_0.8_0.16.png,aodnet,20.556973
sots_o,0183_0.8_0.16.png,original,20.846002
sots_o,0183_0.8_0.16.png,dcp,20.561489
sots_o,0183_0.8_0.16.png,aodnet,21.268841
sots_o,0184_0.95_0.12.png,original,20.234609
sots_o,0184_0.95_0.12.png,dcp,19.525347
sots_o,0184_0.95_0.12.png,aodnet,20.145831
sots_o,0185_1_0.16.png,original,20.498360
sots_o,0185_1_0.16.png,dcp,20.296468
sots_o,0185_1_0.16.png,aodnet,20.624008
sots_o,0187_0.9_0.2.png,original,21.061509
sots_o,0187_0.9_0.2.png,dcp,20.973350
sots_o,0187_0.9_0.2.png,aodnet,21.177649
sots_o,0188_0.85_0.08.png,original,20.253320
sots_o,0188_0.85_0.08.png,dcp,19.932336
sots_o,0188_0.85_0.08.png,aodnet,20.357616
sots_o,0189_0.85_0.2.png,original,20.731198
sots_o,0189_0.85_0.2.png,dcp,20.387046
sots_o,0189_0.85_0.2.png,aodnet,20.670850
sots_o,0191_1_0.08.png,original,19.991045
sots_o,0191_1_0.08.png,dcp,19.768165
sots_o,0191_1_0.08.png,aodnet,20.124866
sots_o,0194_1_0.2.png,original,20.493977
sots_o,0194_1_0.2.png,dcp,20.381660
sots_o,0194_1_0.2.png,aodnet,20.635494
sots_o,0195_1_0.08.png,original,20.435854
sots_o,0195_1_0.08.png,dcp,20.276296
sots_o,0195_1_0.08.png,aodnet,20.759751
sots_o,0196_0.9_0.2.png,original,20.580671
sots_o,0196_0.9_0.2.png,dcp,20.200572
sots_o,0196_0.9_0.2.png,aodnet,20.550686
sots_o,0197_0.8_0.16.png,original,20.563912
sots_o,0197_0.8_0.16.png,dcp,20.702534
sots_o,0197_0.8_0.16.png,aodnet,20.779704
sots_o,0198_0.95_0.12.png,original,20.411950
sots_o,0198_0.95_0.12.png,dcp,19.981481
sots_o,0198_0.95_0.12.png,aodnet,20.273430
sots_o,0199_1_0.16.png,original,20.780570
sots_o,0199_1_0.16.png,dcp,20.201148
sots_o,0199_1_0.16.png,aodnet,20.699070
sots_o,0200_1_0.12.png,original,20.684540
sots_o,0200_1_0.12.png,dcp,20.257650
sots_o,0200_1_0.12.png,aodnet,20.738040
sots_o,0201_1_0.08.png,original,20.757761
sots_o,0201_1_0.08.png,dcp,20.360949
sots_o,0201_1_0.08.png,aodnet,21.082919
sots_o,0202_0.85_0.12.png,original,19.562916
sots_o,0202_0.85_0.12.png,dcp,19.612127
sots_o,0202_0.85_0.12.png,aodnet,19.716763
sots_o,0204_0.8_0.08.png,original,20.685472
sots_o,0204_0.8_0.08.png,dcp,20.640146
sots_o,0204_0.8_0.08.png,aodnet,20.958026
sots_o,0205_1_0.16.png,original,20.609144
sots_o,0205_1_0.16.png,dcp,20.624552
sots_o,0205_1_0.16.png,aodnet,20.635643
sots_o,0206_1_0.12.png,original,20.184580
sots_o,0206_1_0.12.png,dcp,19.399325
sots_o,0206_1_0.12.png,aodnet,20.121908
sots_o,0207_1_0.08.png,original,20.413999
sots_o,0207_1_0.08.png,dcp,19.933661
sots_o,0207_1_0.08.png,aodnet,20.369477
sots_o,0208_0.8_0.16.png,original,20.323661
sots_o,0208_0.8_0.16.png,dcp,19.735301
sots_o,0208_0.8_0.16.png,aodnet,20.202680
sots_o,0209_0.85_0.08.png,original,20.447381
sots_o,0209_0.85_0.08.png,dcp,20.318186
sots_o,0209_0.85_0.08.png,aodnet,20.568267
sots_o,0210_0.85_0.2.png,original,20.977353
sots_o,0210_0.85_0.2.png,dcp,20.877899
sots_o,0210_0.85_0.2.png,aodnet,21.099011
sots_o,0212_0.9_0.2.png,original,21.450311
sots_o,0212_0.9_0.2.png,dcp,20.535394
sots_o,0212_0.9_0.2.png,aodnet,21.530125
sots_o,0213_1_0.2.png,original,19.930689
sots_o,0213_1_0.2.png,dcp,18.967597
sots_o,0213_1_0.2.png,aodnet,19.945670
sots_o,0215_0.8_0.08.png,original,19.215294
sots_o,0215_0.8_0.08.png,dcp,19.106542
sots_o,0215_0.8_0.08.png,aodnet,19.488800
sots_o,0216_1_0.12.png,original,20.204800
sots_o,0216_1_0.12.png,dcp,19.561978
sots_o,0216_1_0.12.png,aodnet,20.209458
sots_o,0217_1_0.2.png,original,21.026699
sots_o,0217_1_0.2.png,dcp,20.520525
sots_o,0217_1_0.2.png,aodnet,20.948026
sots_o,0218_0.9_0.2.png,original,20.639737
sots_o,0218_0.9_0.2.png,dcp,19.974847
sots_o,0218_0.9_0.2.png,aodnet,20.879560
sots_o,0219_0.85_0.08.png,original,20.488957
sots_o,0219_0.85_0.08.png,dcp,20.010625
sots_o,0219_0.85_0.08.png,aodnet,20.551565
sots_o,0220_0.85_0.2.png,original,20.434031
sots_o,0220_0.85_0.2.png,dcp,20.292694
sots_o,0220_0.85_0.2.png,aodnet,20.595767
sots_o,0222_0.85_0.16.png,original,20.592730
sots_o,0222_0.85_0.16.png,dcp,20.569885
sots_o,0222_0.85_0.16.png,aodnet,20.849559
sots_o,0223_0.95_0.16.png,original,20.698062
sots_o,0223_0.95_0.16.png,dcp,20.478516
sots_o,0223_0.95_0.16.png,aodnet,20.640345
sots_o,0225_0.8_0.2.png,original,20.365095
sots_o,0225_0.8_0.2.png,dcp,20.382482
sots_o,0225_0.8_0.2.png,aodnet,20.480148
sots_o,0226_0.8_0.2.png,original,20.895905
sots_o,0226_0.8_0.2.png,dcp,20.271160
sots_o,0226_0.8_0.2.png,aodnet,20.711242
sots_o,0228_1_0.2.png,original,20.479395
sots_o,0228_1_0.2.png,dcp,20.628039
sots_o,0228_1_0.2.png,aodnet,20.449844
sots_o,0230_0.9_0.16.png,original,20.673418
sots_o,0230_0.9_0.16.png,dcp,20.464287
sots_o,0230_0.9_0.16.png,aodnet,20.779645
sots_o,0233_0.8_0.12.png,original,20.722391
sots_o,0233_0.8_0.12.png,dcp,20.366976
sots_o,0233_0.8_0.12.png,aodnet,20.689377
sots_o,0235_0.9_0.08.png,original,20.806203
sots_o,0235_0.9_0.08.png,dcp,20.797105
sots_o,0235_0.9_0.08.png,aodnet,21.282730
sots_o,0237_0.8_0.12.png,original,20.055561
sots_o,0237_0.8_0.12.png,dcp,19.696914
sots_o,0237_0.8_0.12.png,aodnet,20.053557
sots_o,0238_0.8_0.2.png,original,21.006299
sots_o,0238_0.8_0.2.png,dcp,20.631981
sots_o,0238_0.8_0.2.png,aodnet,20.908856
sots_o,0239_0.8_0.2.png,original,20.391254
sots_o,0239_0.8_0.2.png,dcp,20.477090
sots_o,0239_0.8_0.2.png,aodnet,20.664404
sots_o,0240_1_0.08.png,original,19.983507
sots_o,0240_1_0.08.png,dcp,19.827897
sots_o,0240_1_0.08.png,aodnet,19.905134
sots_o,0242_0.8_0.12.png,original,20.261848
sots_o,0242_0.8_0.12.png,dcp,20.233977
sots_o,0242_0.8_0.12.png,aodnet,20.512343
sots_o,0243_0.8_0.08.png,original,20.636932
sots_o,0243_0.8_0.08.png,dcp,20.344878
sots_o,0243_0.8_0.08.png,aodnet,20.673335
sots_o,0244_0.9_0.12.png,original,20.568107
sots_o,0244_0.9_0.12.png,dcp,19.819677
sots_o,0244_0.9_0.12.png,aodnet,20.390504
sots_o,0245_1_0.2.png,original,20.265547
sots_o,0245_1_0.2.png,dcp,19.623257
sots_o,0245_1_0.2.png,aodnet,20.206466
sots_o,0246_0.85_0.12.png,original,20.468348
sots_o,0246_0.85_0.12.png,dcp,20.289865
sots_o,0246_0.85_0.12.png,aodnet,20.517491
sots_o,0248_0.8_0.08.png,original,20.821557
sots_o,0248_0.8_0.08.png,dcp,20.576734
sots_o,0248_0.8_0.08.png,aodnet,21.157443
sots_o,0249_1_0.12.png,original,20.050430
sots_o,0249_1_0.12.png,dcp,19.490134
sots_o,0249_1_0.12.png,aodnet,20.025030
sots_o,0251_0.8_0.16.png,original,20.767988
sots_o,0251_0.8_0.16.png,dcp,20.260370
sots_o,0251_0.8_0.16.png,aodnet,20.797349
sots_o,0253_0.8_0.2.png,original,20.593743
sots_o,0253_0.8_0.2.png,dcp,20.698925
sots_o,0253_0.8_0.2.png,aodnet,20.778558
sots_o,0253_1_0.16.png,original,20.614276
sots_o,0253_1_0.16.png,dcp,20.676406
sots_o,0253_1_0.16.png,aodnet,20.723642
sots_o,0255_0.85_0.08.png,original,20.977323
sots_o,0255_0.85_0.08.png,dcp,20.410145
sots_o,0255_0.85_0.08.png,aodnet,21.236798
sots_o,0256_0.95_0.16.png,original,20.772840
sots_o,0256_0.95_0.16.png,dcp,20.395652
sots_o,0256_0.95_0.16.png,aodnet,21.483292
sots_o,0258_0.8_0.2.png,original,20.933131
sots_o,0258_0.8_0.2.png,dcp,20.438510
sots_o,0258_0.8_0.2.png,aodnet,21.165678
sots_o,0259_0.9_0.08.png,original,20.621322
sots_o,0259_0.9_0.08.png,dcp,20.464570
sots_o,0259_0.9_0.08.png,aodnet,20.870386
sots_o,0260_0.9_0.2.png,original,21.050277
sots_o,0260_0.9_0.2.png,dcp,20.483180
sots_o,0260_0.9_0.2.png,aodnet,21.248846
sots_o,0261_0.85_0.08.png,original,20.635390
sots_o,0261_0.85_0.08.png,dcp,20.341755
sots_o,0261_0.85_0.08.png,aodnet,20.825057
sots_o,0262_0.95_0.12.png,original,21.646576
sots_o,0262_0.95_0.12.png,dcp,20.553693
sots_o,0262_0.95_0.12.png,aodnet,21.506343
sots_o,0263_0.95_0.08.png,original,20.406041
sots_o,0263_0.95_0.08.png,dcp,20.196072
sots_o,0263_0.95_0.08.png,aodnet,20.443567
sots_o,0264_0.95_0.2.png,original,20.957189
sots_o,0264_0.95_0.2.png,dcp,20.663840
sots_o,0264_0.95_0.2.png,aodnet,21.570051
sots_o,0266_0.8_0.12.png,original,20.819991
sots_o,0266_0.8_0.12.png,dcp,20.689927
sots_o,0266_0.8_0.12.png,aodnet,21.150199
sots_o,0267_0.9_0.16.png,original,20.768373
sots_o,0267_0.9_0.16.png,dcp,20.773085
sots_o,0267_0.9_0.16.png,aodnet,20.757071
sots_o,0268_0.9_0.16.png,original,20.774567
sots_o,0268_0.9_0.16.png,dcp,20.248335
sots_o,0268_0.9_0.16.png,aodnet,20.719464
sots_o,0269_0.95_0.2.png,original,20.466114
sots_o,0269_0.95_0.2.png,dcp,19.771975
sots_o,0269_0.95_0.2.png,aodnet,20.387288
sots_o,0270_0.85_0.16.png,original,20.780493
sots_o,0270_0.85_0.16.png,dcp,20.385632
sots_o,0270_0.85_0.16.png,aodnet,20.808477
sots_o,0271_0.85_0.12.png,original,20.740853
sots_o,0271_0.85_0.12.png,dcp,20.509005
sots_o,0271_0.85_0.12.png,aodnet,20.817295
sots_o,0272_0.85_0.08.png,original,20.380597
sots_o,0272_0.85_0.08.png,dcp,19.983078
sots_o,0272_0.85_0.08.png,aodnet,20.234297
sots_o,0273_0.85_0.2.png,original,20.379304
sots_o,0273_0.85_0.2.png,dcp,19.727494
sots_o,0273_0.85_0.2.png,aodnet,20.315547
sots_o,0274_0.95_0.12.png,original,20.969937
sots_o,0274_0.95_0.12.png,dcp,20.660674
sots_o,0274_0.95_0.12.png,aodnet,20.891381
sots_o,0275_1_0.16.png,original,20.473102
sots_o,0275_1_0.16.png,dcp,19.888835
sots_o,0275_1_0.16.png,aodnet,20.231570
sots_o,0276_1_0.12.png,original,21.140638
sots_o,0276_1_0.12.png,dcp,20.820211
sots_o,0276_1_0.12.png,aodnet,21.223327
sots_o,0277_1_0.08.png,original,20.786670
sots_o,0277_1_0.08.png,dcp,20.555600
sots_o,0277_1_0.08.png,aodnet,20.738309
sots_o,0279_0.8_0.12.png,original,20.634384
sots_o,0279_0.8_0.12.png,dcp,20.302671
sots_o,0279_0.8_0.12.png,aodnet,20.667490
sots_o,0280_0.9_0.16.png,original,20.772376
sots_o,0280_0.9_0.16.png,dcp,20.993259
sots_o,0280_0.9_0.16.png,aodnet,21.081556
sots_o,0281_0.9_0.12.png,original,20.525767
sots_o,0281_0.9_0.12.png,dcp,20.271101
sots_o,0281_0.9_0.12.png,aodnet,20.548853
sots_o,0282_0.85_0.16.png,original,20.290791
sots_o,0282_0.85_0.16.png,dcp,20.214592
sots_o,0282_0.85_0.16.png,aodnet,20.373225
sots_o,0283_0.85_0.12.png,original,20.405969
sots_o,0283_0.85_0.12.png,dcp,20.288937
sots_o,0283_0.85_0.12.png,aodnet,20.752070
sots_o,0284_0.8_0.16.png,original,20.105843
sots_o,0284_0.8_0.16.png,dcp,19.909920
sots_o,0284_0.8_0.16.png,aodnet,20.318282
sots_o,0285_0.85_0.2.png,original,20.089143
sots_o,0285_0.85_0.2.png,dcp,19.651089
sots_o,0285_0.85_0.2.png,aodnet,20.204917
sots_o,0286_0.8_0.08.png,original,20.086980
sots_o,0286_0.8_0.08.png,dcp,19.805155
sots_o,0286_0.8_0.08.png,aodnet,20.150232
sots_o,0287_0.8_0.2.png,original,20.877847
sots_o,0287_0.8_0.2.png,dcp,20.449655
sots_o,0287_0.8_0.2.png,aodnet,20.866905
sots_o,0287_0.95_0.08.png,original,20.737897
sots_o,0287_0.95_0.08.png,dcp,20.453563
sots_o,0287_0.95_0.08.png,aodnet,20.710547
sots_o,0288_0.95_0.2.png,original,20.539077
sots_o,0288_0.95_0.2.png,dcp,20.286428
sots_o,0288_0.95_0.2.png,aodnet,20.814453
sots_o,0290_0.85_0.08.png,original,20.465709
sots_o,0290_0.85_0.08.png,dcp,20.388502
sots_o,0290_0.85_0.08.png,aodnet,20.936416
sots_o,0291_0.95_0.12.png,original,20.807162
sots_o,0291_0.95_0.12.png,dcp,20.683180
sots_o,0291_0.95_0.12.png,aodnet,20.896836
sots_o,0292_1_0.16.png,original,20.693789
sots_o,0292_1_0.16.png,dcp,20.539531
sots_o,0292_1_0.16.png,aodnet,20.751730
sots_o,0294_1_0.2.png,original,20.958224
sots_o,0294_1_0.2.png,dcp,20.541174
sots_o,0294_1_0.2.png,aodnet,20.895187
sots_o,0295_0.85_0.08.png,original,20.876971
sots_o,0295_0.85_0.08.png,dcp,20.974698
sots_o,0295_0.85_0.08.png,aodnet,21.026330
sots_o,0296_0.95_0.12.png,original,20.247399
sots_o,0296_0.95_0.12.png,dcp,19.955638
sots_o,0296_0.95_0.12.png,aodnet,20.257468
sots_o,0297_0.95_0.08.png,original,19.779970
sots_o,0297_0.95_0.08.png,dcp,19.727387
sots_o,0297_0.95_0.08.png,aodnet,20.075977
sots_o,0298_1_0.12.png,original,20.647860
sots_o,0298_1_0.12.png,dcp,20.502340
sots_o,0298_1_0.12.png,aodnet,20.678633
sots_o,0299_0.9_0.08.png,original,19.613937
sots_o,0299_0.9_0.08.png,dcp,19.279501
sots_o,0299_0.9_0.08.png,aodnet,19.552810
sots_o,0300_1_0.2.png,original,20.646706
sots_o,0300_1_0.2.png,dcp,20.466331
sots_o,0300_1_0.2.png,aodnet,20.917524
sots_o,0302_0.9_0.16.png,original,20.603621
sots_o,0302_0.9_0.16.png,dcp,20.778714
sots_o,0302_0.9_0.16.png,aodnet,21.108995
sots_o,0303_0.9_0.12.png,original,20.431802
sots_o,0303_0.9_0.12.png,dcp,20.452807
sots_o,0303_0.9_0.12.png,aodnet,20.615406
sots_o,0304_0.9_0.08.png,original,20.522728
sots_o,0304_0.9_0.08.png,dcp,20.494011
sots_o,0304_0.9_0.08.png,aodnet,20.686216
sots_o,0305_0.9_0.2.png,original,20.591022
sots_o,0305_0.9_0.2.png,dcp,20.490594
sots_o,0305_0.9_0.2.png,aodnet,20.876536
sots_o,0306_0.8_0.16.png,original,20.309467
sots_o,0306_0.8_0.16.png,dcp,20.264785
sots_o,0306_0.8_0.16.png,aodnet,20.437045
sots_o,0307_0.8_0.12.png,original,20.665714
sots_o,0307_0.8_0.12.png,dcp,20.439248
sots_o,0307_0.8_0.12.png,aodnet,21.367806
sots_o,0308_1_0.16.png,original,20.451891
sots_o,0308_1_0.16.png,dcp,20.172345
sots_o,0308_1_0.16.png,aodnet,20.476084
sots_o,0309_1_0.08.png,original,20.769994
sots_o,0309_1_0.08.png,dcp,20.576653
sots_o,0309_1_0.08.png,aodnet,21.084675
sots_o,0311_0.8_0.16.png,original,20.429810
sots_o,0311_0.8_0.16.png,dcp,20.181676
sots_o,0311_0.8_0.16.png,aodnet,20.706017
sots_o,0312_0.8_0.12.png,original,19.673131
sots_o,0312_0.8_0.12.png,dcp,19.189928
sots_o,0312_0.8_0.12.png,aodnet,19.647721
sots_o,0313_0.8_0.2.png,original,20.129192
sots_o,0313_0.8_0.2.png,dcp,19.962443
sots_o,0313_0.8_0.2.png,aodnet,20.156089
sots_o,0314_0.9_0.12.png,original,20.105822
sots_o,0314_0.9_0.12.png,dcp,19.620368
sots_o,0314_0.9_0.12.png,aodnet,20.240642
sots_o,0315_0.85_0.16.png,original,20.311682
sots_o,0315_0.85_0.16.png,dcp,20.002645
sots_o,0315_0.85_0.16.png,aodnet,20.348185
sots_o,0316_0.85_0.12.png,original,20.619918
sots_o,0316_0.85_0.12.png,dcp,20.604321
sots_o,0316_0.85_0.12.png,aodnet,20.573448
sots_o,0317_0.85_0.08.png,original,20.685374
sots_o,0317_0.85_0.08.png,dcp,20.594541
sots_o,0317_0.85_0.08.png,aodnet,21.081370
sots_o,0318_0.85_0.2.png,original,20.995284
sots_o,0318_0.85_0.2.png,dcp,20.604342
sots_o,0318_0.85_0.2.png,aodnet,20.941402
sots_o,0319_0.9_0.16.png,original,20.431780
sots_o,0319_0.9_0.16.png,dcp,19.899787
sots_o,0319_0.9_0.16.png,aodnet,20.466400
sots_o,0320_0.9_0.08.png,original,20.859785
sots_o,0320_0.9_0.08.png,dcp,20.664298
sots_o,0320_0.9_0.08.png,aodnet,20.976916
sots_o,0320_1_0.16.png,original,20.773545
sots_o,0320_1_0.16.png,dcp,20.609092
sots_o,0320_1_0.16.png,aodnet,20.734364
sots_o,0321_1_0.12.png,original,20.398619
sots_o,0321_1_0.12.png,dcp,20.207311
sots_o,0321_1_0.12.png,aodnet,20.464292
sots_o,0323_0.8_0.16.png,original,20.602292
sots_o,0323_0.8_0.16.png,dcp,20.187646
sots_o,0323_0.8_0.16.png,aodnet,20.647772
sots_o,0324_0.8_0.12.png,original,20.836685
sots_o,0324_0.8_0.12.png,dcp,20.351181
sots_o,0324_0.8_0.12.png,aodnet,21.000016
sots_o,0325_0.9_0.16.png,original,20.052502
sots_o,0325_0.9_0.16.png,dcp,19.444106
sots_o,0325_0.9_0.16.png,aodnet,19.855365
sots_o,0326_0.9_0.12.png,original,20.716041
sots_o,0326_0.9_0.12.png,dcp,20.854913
sots_o,0326_0.9_0.12.png,aodnet,20.812259
sots_o,0327_1_0.08.png,original,20.822766
sots_o,0327_1_0.08.png,dcp,20.447517
sots_o,0327_1_0.08.png,aodnet,20.906288
sots_o,0329_0.8_0.12.png,original,20.395988
sots_o,0329_0.8_0.12.png,dcp,20.303369
sots_o,0329_0.8_0.12.png,aodnet,20.676579
sots_o,0330_0.8_0.08.png,original,20.323517
sots_o,0330_0.8_0.08.png,dcp,20.128804
sots_o,0330_0.8_0.08.png,aodnet,20.540201
sots_o,0330_0.95_0.12.png,original,20.357124
sots_o,0330_0.95_0.12.png,dcp,20.120970
sots_o,0330_0.95_0.12.png,aodnet,20.578813
sots_o,0331_0.95_0.12.png,original,20.535882
sots_o,0331_0.95_0.12.png,dcp,20.319444
sots_o,0331_0.95_0.12.png,aodnet,20.789191
sots_o,0332_0.95_0.08.png,original,20.393136
sots_o,0332_0.95_0.08.png,dcp,20.337970
sots_o,0332_0.95_0.08.png,aodnet,20.714283
sots_o,0333_0.95_0.2.png,original,20.772028
sots_o,0333_0.95_0.2.png,dcp,20.571122
sots_o,0333_0.95_0.2.png,aodnet,20.972506
sots_o,0334_1_0.08.png,original,21.021202
sots_o,0334_1_0.08.png,dcp,20.976916
sots_o,0334_1_0.08.png,aodnet,21.346980
sots_o,0335_1_0.2.png,original,20.624721
sots_o,0335_1_0.2.png,dcp,20.758208
sots_o,0335_1_0.2.png,aodnet,20.620283
sots_o,0337_0.8_0.08.png,original,20.471808
sots_o,0337_0.8_0.08.png,dcp,20.213582
sots_o,0337_0.8_0.08.png,aodnet,20.490342
sots_o,0338_0.9_0.12.png,original,20.901333
sots_o,0338_0.9_0.12.png,dcp,20.667465
sots_o,0338_0.9_0.12.png,aodnet,20.894236
sots_o,0340_0.85_0.08.png,original,20.308062
sots_o,0340_0.85_0.08.png,dcp,20.100481
sots_o,0340_0.85_0.08.png,aodnet,20.339294
sots_o,0341_0.85_0.2.png,original,20.412752
sots_o,0341_0.85_0.2.png,dcp,20.248553
sots_o,0341_0.85_0.2.png,aodnet,20.798726
sots_o,0342_0.95_0.08.png,original,20.614542
sots_o,0342_0.95_0.08.png,dcp,20.662592
sots_o,0342_0.95_0.08.png,aodnet,21.050114
sots_o,0343_0.95_0.2.png,original,20.341319
sots_o,0343_0.95_0.2.png,dcp,20.205188
sots_o,0343_0.95_0.2.png,aodnet,20.316663
sots_o,0344_0.85_0.16.png,original,19.931425
sots_o,0344_0.85_0.16.png,dcp,19.644480
sots_o,0344_0.85_0.16.png,aodnet,19.815555
sots_o,0345_0.85_0.12.png,original,20.193935
sots_o,0345_0.85_0.12.png,dcp,19.938514
sots_o,0345_0.85_0.12.png,aodnet,20.188926
sots_o,0346_0.95_0.16.png,original,20.194814
sots_o,0346_0.95_0.16.png,dcp,20.115372
sots_o,0346_0.95_0.16.png,aodnet,20.212799
sots_o,0348_0.8_0.2.png,original,20.185213
sots_o,0348_0.8_0.2.png,dcp,20.015076
sots_o,0348_0.8_0.2.png,aodnet,20.339959
sots_o,0349_0.9_0.08.png,original,19.671811
sots_o,0349_0.9_0.08.png,dcp,19.445685
sots_o,0349_0.9_0.08.png,aodnet,19.671292
sots_o,0350_0.85_0.12.png,original,20.170064
sots_o,0350_0.85_0.12.png,dcp,19.833868
sots_o,0350_0.85_0.12.png,aodnet,20.117312
sots_o,0351_0.95_0.16.png,original,20.275332
sots_o,0351_0.95_0.16.png,dcp,19.709761
sots_o,0351_0.95_0.16.png,aodnet,20.203701
sots_o,0353_0.9_0.12.png,original,20.085724
sots_o,0353_0.9_0.12.png,dcp,19.785460
sots_o,0353_0.9_0.12.png,aodnet,20.076316
sots_o,0354_0.9_0.08.png,original,19.735402
sots_o,0354_0.9_0.08.png,dcp,19.700225
sots_o,0354_0.9_0.08.png,aodnet,19.725056
sots_o,0355_0.85_0.12.png,original,20.309825
sots_o,0355_0.85_0.12.png,dcp,20.285419
sots_o,0355_0.85_0.12.png,aodnet,20.386587
sots_o,0356_0.85_0.08.png,original,20.277817
sots_o,0356_0.85_0.08.png,dcp,19.975004
sots_o,0356_0.85_0.08.png,aodnet,20.467692
sots_o,0357_0.95_0.12.png,original,20.152619
sots_o,0357_0.95_0.12.png,dcp,19.861776
sots_o,0357_0.95_0.12.png,aodnet,20.185430
sots_o,0359_0.85_0.16.png,original,20.323105
sots_o,0359_0.85_0.16.png,dcp,20.093891
sots_o,0359_0.85_0.16.png,aodnet,20.375183
sots_o,0361_0.85_0.2.png,original,20.125360
sots_o,0361_0.85_0.2.png,dcp,19.780624
sots_o,0361_0.85_0.2.png,aodnet,20.245653
sots_o,0362_0.95_0.08.png,original,19.826404
sots_o,0362_0.95_0.08.png,dcp,19.574742
sots_o,0362_0.95_0.08.png,aodnet,19.859060
sots_o,0364_0.85_0.12.png,original,19.698433
sots_o,0364_0.85_0.12.png,dcp,19.009889
sots_o,0364_0.85_0.12.png,aodnet,19.751490
sots_o,0366_0.9_0.16.png,original,20.641365
sots_o,0366_0.9_0.16.png,dcp,20.038274
sots_o,0366_0.9_0.16.png,aodnet,20.566762
sots_o,0369_0.85_0.2.png,original,20.159967
sots_o,0369_0.85_0.2.png,dcp,19.920594
sots_o,0369_0.85_0.2.png,aodnet,20.347823
sots_o,0371_0.9_0.08.png,original,20.495366
sots_o,0371_0.9_0.08.png,dcp,20.135611
sots_o,0371_0.9_0.08.png,aodnet,20.593478
sots_o,0372_0.85_0.12.png,original,20.453865
sots_o,0372_0.85_0.12.png,dcp,20.080184
sots_o,0372_0.85_0.12.png,aodnet,20.732156
sots_o,0375_0.85_0.16.png,original,19.705931
sots_o,0375_0.85_0.16.png,dcp,19.025684
sots_o,0375_0.85_0.16.png,aodnet,19.717872
sots_o,0380_0.85_0.2.png,original,20.540316
sots_o,0380_0.85_0.2.png,dcp,20.020707
sots_o,0380_0.85_0.2.png,aodnet,20.467005
sots_o,0382_0.9_0.08.png,original,21.055543
sots_o,0382_0.9_0.08.png,dcp,21.006271
sots_o,0382_0.9_0.08.png,aodnet,21.164487
sots_o,0383_0.9_0.2.png,original,21.716178
sots_o,0383_0.9_0.2.png,dcp,20.629116
sots_o,0383_0.9_0.2.png,aodnet,21.792837
sots_o,0385_0.8_0.08.png,original,20.331112
sots_o,0385_0.8_0.08.png,dcp,20.355245
sots_o,0385_0.8_0.08.png,aodnet,20.606715
sots_o,0386_1_0.12.png,original,20.140080
sots_o,0386_1_0.12.png,dcp,19.835889
sots_o,0386_1_0.12.png,aodnet,20.100600
sots_o,0388_0.95_0.16.png,original,20.216833
sots_o,0388_0.95_0.16.png,dcp,19.857407
sots_o,0388_0.95_0.16.png,aodnet,20.300072
sots_o,0390_0.9_0.12.png,original,19.356781
sots_o,0390_0.9_0.12.png,dcp,19.012512
sots_o,0390_0.9_0.12.png,aodnet,19.346633
sots_o,0391_1_0.08.png,original,20.626604
sots_o,0391_1_0.08.png,dcp,20.040094
sots_o,0391_1_0.08.png,aodnet,20.641716
sots_o,0392_1_0.2.png,original,20.325284
sots_o,0392_1_0.2.png,dcp,19.549873
sots_o,0392_1_0.2.png,aodnet,20.102681
sots_o,0393_1_0.2.png,original,20.730032
sots_o,0393_1_0.2.png,dcp,19.931996
sots_o,0393_1_0.2.png,aodnet,20.524269
sots_o,0395_0.95_0.08.png,original,20.941302
sots_o,0395_0.95_0.08.png,dcp,20.920059
sots_o,0395_0.95_0.08.png,aodnet,21.101784
sots_o,0397_0.85_0.12.png,original,20.687528
sots_o,0397_0.85_0.12.png,dcp,20.503408
sots_o,0397_0.85_0.12.png,aodnet,20.721056
sots_o,0399_0.8_0.08.png,original,20.672063
sots_o,0399_0.8_0.08.png,dcp,20.484300
sots_o,0399_0.8_0.08.png,aodnet,20.688653
sots_o,0400_0.9_0.12.png,original,20.522007
sots_o,0400_0.9_0.12.png,dcp,20.270546
sots_o,0400_0.9_0.12.png,aodnet,20.598657
sots_o,0402_0.8_0.16.png,original,20.377195
sots_o,0402_0.8_0.16.png,dcp,20.141477
sots_o,0402_0.8_0.16.png,aodnet,20.185307
sots_o,0404_0.8_0.2.png,original,20.704011
sots_o,0404_0.8_0.2.png,dcp,21.015873
sots_o,0404_0.8_0.2.png,aodnet,20.813340
sots_o,0405_1_0.08.png,original,21.540895
sots_o,0405_1_0.08.png,dcp,21.341607
sots_o,0405_1_0.08.png,aodnet,21.890301
sots_o,0406_1_0.2.png,original,21.634811
sots_o,0406_1_0.2.png,dcp,20.808411
sots_o,0406_1_0.2.png,aodnet,21.514716
sots_o,0407_0.95_0.16.png,original,20.658570
sots_o,0407_0.95_0.16.png,dcp,20.185824
sots_o,0407_0.95_0.16.png,aodnet,20.677499
sots_o,0409_1_0.12.png,original,19.939556
sots_o,0409_1_0.12.png,dcp,19.366262
sots_o,0409_1_0.12.png,aodnet,19.845340
sots_o,0411_0.95_0.16.png,original,20.261425
sots_o,0411_0.95_0.16.png,dcp,19.838211
sots_o,0411_0.95_0.16.png,aodnet,20.194974
sots_o,0413_0.95_0.2.png,original,20.752183
sots_o,0413_0.95_0.2.png,dcp,20.555258
sots_o,0413_0.95_0.2.png,aodnet,20.769678
sots_o,1001_0.8_0.16.png,original,20.365483
sots_o,1001_0.8_0.16.png,dcp,20.062593
sots_o,1001_0.8_0.16.png,aodnet,20.378432
sots_o,1002_1_0.16.png,original,20.968211
sots_o,1002_1_0.16.png,dcp,20.525644
sots_o,1002_1_0.16.png,aodnet,20.708698
sots_o,1005_0.8_0.12.png,original,21.142928
sots_o,1005_0.8_0.12.png,dcp,21.246371
sots_o,1005_0.8_0.12.png,aodnet,21.447690
sots_o,1006_1_0.16.png,original,20.661025
sots_o,1006_1_0.16.png,dcp,20.064525
sots_o,1006_1_0.16.png,aodnet,20.540003
sots_o,1007_0.95_0.08.png,original,20.631723
sots_o,1007_0.95_0.08.png,dcp,20.408183
sots_o,1007_0.95_0.08.png,aodnet,20.507562
sots_o,1008_0.9_0.12.png,original,20.446005
sots_o,1008_0.9_0.12.png,dcp,20.720579
sots_o,1008_0.9_0.12.png,aodnet,20.651921
sots_o,1009_0.85_0.12.png,original,19.777891
sots_o,1009_0.85_0.12.png,dcp,19.746761
sots_o,1009_0.85_0.12.png,aodnet,19.936238
sots_o,1010_0.85_0.08.png,original,19.999860
sots_o,1010_0.85_0.08.png,dcp,19.908433
sots_o,1010_0.85_0.08.png,aodnet,20.022216
sots_o,1011_0.95_0.12.png,original,20.659960
sots_o,1011_0.95_0.12.png,dcp,20.289526
sots_o,1011_0.95_0.12.png,aodnet,20.836672
sots_o,1012_0.95_0.08.png,original,20.159095
sots_o,1012_0.95_0.08.png,dcp,19.810812
sots_o,1012_0.95_0.08.png,aodnet,20.271022
sots_o,1015_0.8_0.12.png,original,20.456207
sots_o,1015_0.8_0.12.png,dcp,20.454199
sots_o,1015_0.8_0.12.png,aodnet,20.846664
sots_o,1016_0.9_0.16.png,original,20.091824
sots_o,1016_0.9_0.16.png,dcp,19.648707
sots_o,1016_0.9_0.16.png,aodnet,20.113851
sots_o,1018_0.85_0.12.png,original,20.734455
sots_o,1018_0.85_0.12.png,dcp,20.268199
sots_o,1018_0.85_0.12.png,aodnet,20.508922
sots_o,1020_0.95_0.08.png,original,21.022064
sots_o,1020_0.95_0.08.png,dcp,20.586795
sots_o,1020_0.95_0.08.png,aodnet,20.951420
sots_o,1022_0.85_0.12.png,original,20.738854
sots_o,1022_0.85_0.12.png,dcp,20.489523
sots_o,1022_0.85_0.12.png,aodnet,20.751758
sots_o,1027_0.8_0.08.png,original,20.210385
sots_o,1027_0.8_0.08.png,dcp,19.833279
sots_o,1027_0.8_0.08.png,aodnet,20.191634
sots_o,1030_0.95_0.12.png,original,20.593824
sots_o,1030_0.95_0.12.png,dcp,20.228995
sots_o,1030_0.95_0.12.png,aodnet,20.551434
sots_o,1034_0.9_0.16.png,original,20.735106
sots_o,1034_0.9_0.16.png,dcp,20.404495
sots_o,1034_0.9_0.16.png,aodnet,20.760314
sots_o,1037_0.8_0.12.png,original,20.908051
sots_o,1037_0.8_0.12.png,dcp,20.483502
sots_o,1037_0.8_0.12.png,aodnet,20.711031
sots_o,1038_1_0.16.png,original,20.816638
sots_o,1038_1_0.16.png,dcp,20.679151
sots_o,1038_1_0.16.png,aodnet,20.756991
sots_o,1040_1_0.2.png,original,20.811157
sots_o,1040_1_0.2.png,dcp,19.978797
sots_o,1040_1_0.2.png,aodnet,20.690154
sots_o,1042_0.95_0.08.png,original,20.357717
sots_o,1042_0.95_0.08.png,dcp,19.922900
sots_o,1042_0.95_0.08.png,aodnet,20.612767
sots_o,1044_0.85_0.12.png,original,20.473856
sots_o,1044_0.85_0.12.png,dcp,20.276760
sots_o,1044_0.85_0.12.png,aodnet,20.453132
sots_o,1046_0.9_0.16.png,original,20.301522
sots_o,1046_0.9_0.16.png,dcp,20.135047
sots_o,1046_0.9_0.16.png,aodnet,20.513271
sots_o,1048_0.9_0.2.png,original,20.560478
sots_o,1048_0.9_0.2.png,dcp,20.342264
sots_o,1048_0.9_0.2.png,aodnet,20.775746
sots_o,1050_0.8_0.08.png,original,19.961184
sots_o,1050_0.8_0.08.png,dcp,19.724072
sots_o,1050_0.8_0.08.png,aodnet,20.234235
sots_o,1051_1_0.12.png,original,20.970843
sots_o,1051_1_0.12.png,dcp,20.274798
sots_o,1051_1_0.12.png,aodnet,20.573231
sots_o,1053_0.95_0.16.png,original,19.909782
sots_o,1053_0.95_0.16.png,dcp,19.529854
sots_o,1053_0.95_0.16.png,aodnet,19.834903
sots_o,1055_0.95_0.2.png,original,19.578211
sots_o,1055_0.95_0.2.png,dcp,18.967645
sots_o,1055_0.95_0.2.png,aodnet,19.826989
sots_o,1057_0.95_0.16.png,original,20.763429
sots_o,1057_0.95_0.16.png,dcp,20.291451
sots_o,1057_0.95_0.16.png,aodnet,21.246712
sots_o,1059_0.95_0.2.png,original,20.917939
sots_o,1059_0.95_0.2.png,dcp,20.776115
sots_o,1059_0.95_0.2.png,aodnet,20.996536
sots_o,1060_0.85_0.16.png,original,20.808080
sots_o,1060_0.85_0.16.png,dcp,20.520948
sots_o,1060_0.85_0.16.png,aodnet,20.970705
sots_o,1063_0.9_0.12.png,original,19.982596
sots_o,1063_0.9_0.12.png,dcp,19.850630
sots_o,1063_0.9_0.12.png,aodnet,20.051234
sots_o,1709_0.95_0.08.png,original,19.811456
sots_o,1709_0.95_0.08.png,dcp,19.670771
sots_o,1709_0.95_0.08.png,aodnet,19.850476
sots_o,1712_0.8_0.08.png,original,19.713645
sots_o,1712_0.8_0.08.png,dcp,19.615638
sots_o,1712_0.8_0.08.png,aodnet,19.624201
sots_o,1713_1_0.08.png,original,19.937166
sots_o,1713_1_0.08.png,dcp,19.973283
sots_o,1713_1_0.08.png,aodnet,20.139726
sots_o,1714_1_0.2.png,original,20.112967
sots_o,1714_1_0.2.png,dcp,19.633124
sots_o,1714_1_0.2.png,aodnet,20.027838
sots_o,1716_0.95_0.12.png,original,20.167404
sots_o,1716_0.95_0.12.png,dcp,20.084328
sots_o,1716_0.95_0.12.png,aodnet,20.298230
sots_o,1718_0.9_0.2.png,original,20.066776
sots_o,1718_0.9_0.2.png,dcp,19.746370
sots_o,1718_0.9_0.2.png,aodnet,20.135139
sots_o,1722_0.95_0.16.png,original,20.487755
sots_o,1722_0.95_0.16.png,dcp,20.238467
sots_o,1722_0.95_0.16.png,aodnet,20.751126
sots_o,1724_0.95_0.2.png,original,19.462062
sots_o,1724_0.95_0.2.png,dcp,18.582886
sots_o,1724_0.95_0.2.png,aodnet,19.347996
sots_o,1726_0.85_0.12.png,original,19.673136
sots_o,1726_0.85_0.12.png,dcp,19.450713
sots_o,1726_0.85_0.12.png,aodnet,19.656822
sots_o,1728_0.9_0.12.png,original,19.679986
sots_o,1728_0.9_0.12.png,dcp,19.453902
sots_o,1728_0.9_0.12.png,aodnet,19.716610
sots_o,1730_0.85_0.08.png,original,20.428282
sots_o,1730_0.85_0.08.png,dcp,20.145866
sots_o,1730_0.85_0.08.png,aodnet,20.847967
sots_o,1731_0.85_0.2.png,original,20.757841
sots_o,1731_0.85_0.2.png,dcp,21.084879
sots_o,1731_0.85_0.2.png,aodnet,20.872617
sots_o,1732_0.95_0.2.png,original,20.201012
sots_o,1732_0.95_0.2.png,dcp,19.663290
sots_o,1732_0.95_0.2.png,aodnet,20.212196
sots_o,1734_1_0.08.png,original,20.964178
sots_o,1734_1_0.08.png,dcp,20.053796
sots_o,1734_1_0.08.png,aodnet,20.842689
sots_o,1736_0.8_0.08.png,original,18.960793
sots_o,1736_0.8_0.08.png,dcp,18.686920
sots_o,1736_0.8_0.08.png,aodnet,19.196011
sots_o,1738_1_0.2.png,original,19.397582
sots_o,1738_1_0.2.png,dcp,18.583513
sots_o,1738_1_0.2.png,aodnet,19.276775
sots_o,1741_0.85_0.16.png,original,20.212033
sots_o,1741_0.85_0.16.png,dcp,19.934214
sots_o,1741_0.85_0.16.png,aodnet,20.513024
sots_o,1742_0.85_0.12.png,original,19.217199
sots_o,1742_0.85_0.12.png,dcp,18.766372
sots_o,1742_0.85_0.12.png,aodnet,19.130841
sots_o,1743_0.85_0.08.png,original,20.229258
sots_o,1743_0.85_0.08.png,dcp,20.349079
sots_o,1743_0.85_0.08.png,aodnet,20.319140
sots_o,1744_0.85_0.08.png,original,19.967152
sots_o,1744_0.85_0.08.png,dcp,19.661903
sots_o,1744_0.85_0.08.png,aodnet,20.182700
sots_o,1747_0.8_0.16.png,original,21.765644
sots_o,1747_0.8_0.16.png,dcp,21.045046
sots_o,1747_0.8_0.16.png,aodnet,21.828116
sots_o,1749_0.8_0.2.png,original,20.489289
sots_o,1749_0.8_0.2.png,dcp,20.394485
sots_o,1749_0.8_0.2.png,aodnet,20.692649
sots_o,1753_0.9_0.08.png,original,20.922721
sots_o,1753_0.9_0.08.png,dcp,20.828065
sots_o,1753_0.9_0.08.png,aodnet,20.897647
sots_o,1756_0.9_0.12.png,original,20.656824
sots_o,1756_0.9_0.12.png,dcp,20.763146
sots_o,1756_0.9_0.12.png,aodnet,20.850185
sots_o,1757_0.85_0.16.png,original,20.774891
sots_o,1757_0.85_0.16.png,dcp,20.476073
sots_o,1757_0.85_0.16.png,aodnet,20.920703
sots_o,1759_0.8_0.12.png,original,20.662976
sots_o,1759_0.8_0.12.png,dcp,20.347562
sots_o,1759_0.8_0.12.png,aodnet,20.876840
sots_o,1760_1_0.16.png,original,20.491333
sots_o,1760_1_0.16.png,dcp,20.345623
sots_o,1760_1_0.16.png,aodnet,20.519161
sots_o,1765_0.85_0.12.png,original,19.706833
sots_o,1765_0.85_0.12.png,dcp,19.217599
sots_o,1765_0.85_0.12.png,aodnet,19.462725
sots_o,1771_1_0.08.png,original,20.406101
sots_o,1771_1_0.08.png,dcp,20.214988
sots_o,1771_1_0.08.png,aodnet,20.352253
sots_o,1774_0.95_0.2.png,original,19.757607
sots_o,1774_0.95_0.2.png,dcp,18.800548
sots_o,1774_0.95_0.2.png,aodnet,19.545247
sots_o,1778_0.9_0.08.png,original,20.361529
sots_o,1778_0.9_0.08.png,dcp,20.289485
sots_o,1778_0.9_0.08.png,aodnet,20.407174
sots_o,1781_0.8_0.2.png,original,21.035593
sots_o,1781_0.8_0.2.png,dcp,21.391066
sots_o,1781_0.8_0.2.png,aodnet,21.160663
sots_o,1784_0.8_0.08.png,original,20.991407
sots_o,1784_0.8_0.08.png,dcp,20.244294
sots_o,1784_0.8_0.08.png,aodnet,20.820753
sots_o,1790_1_0.16.png,original,21.008877
sots_o,1790_1_0.16.png,dcp,20.585356
sots_o,1790_1_0.16.png,aodnet,21.256987
sots_o,1800_1_0.16.png,original,20.199334
sots_o,1800_1_0.16.png,dcp,19.726295
sots_o,1800_1_0.16.png,aodnet,20.282636
sots_o,1805_0.85_0.12.png,original,20.175470
sots_o,1805_0.85_0.12.png,dcp,20.006459
sots_o,1805_0.85_0.12.png,aodnet,20.167800
sots_o,1812_1_0.16.png,original,20.983706
sots_o,1812_1_0.16.png,dcp,20.838536
sots_o,1812_1_0.16.png,aodnet,21.040846
sots_o,1815_1_0.2.png,original,20.266817
sots_o,1815_1_0.2.png,dcp,19.923861
sots_o,1815_1_0.2.png,aodnet,20.292353
sots_o,1818_0.85_0.12.png,original,19.698673
sots_o,1818_0.85_0.12.png,dcp,19.327722
sots_o,1818_0.85_0.12.png,aodnet,19.835053
sots_o,1821_0.8_0.08.png,original,19.907324
sots_o,1821_0.8_0.08.png,dcp,19.986978
sots_o,1821_0.8_0.08.png,aodnet,20.131092
sots_o,1822_1_0.08.png,original,20.367010
sots_o,1822_1_0.08.png,dcp,20.262180
sots_o,1822_1_0.08.png,aodnet,20.315465
sots_o,1824_0.95_0.08.png,original,20.879624
sots_o,1824_0.95_0.08.png,dcp,20.773853
sots_o,1824_0.95_0.08.png,aodnet,21.030623
sots_o,1826_0.9_0.08.png,original,19.903257
sots_o,1826_0.9_0.08.png,dcp,19.579845
sots_o,1826_0.9_0.08.png,aodnet,19.966423
sots_o,1828_0.85_0.08.png,original,20.223460
sots_o,1828_0.85_0.08.png,dcp,19.920142
sots_o,1828_0.85_0.08.png,aodnet,19.988406
sots_o,1831_0.8_0.16.png,original,20.086769
sots_o,1831_0.8_0.16.png,dcp,19.896282
sots_o,1831_0.8_0.16.png,aodnet,19.953710
sots_o,1832_0.95_0.08.png,original,20.253012
sots_o,1832_0.95_0.08.png,dcp,20.069927
sots_o,1832_0.95_0.08.png,aodnet,20.392050
sots_o,1834_1_0.08.png,original,20.250659
sots_o,1834_1_0.08.png,dcp,20.215640
sots_o,1834_1_0.08.png,aodnet,20.245947
sots_o,1837_0.9_0.08.png,original,20.813085
sots_o,1837_0.9_0.08.png,dcp,20.486264
sots_o,1837_0.9_0.08.png,aodnet,20.836436
sots_o,1839_0.8_0.12.png,original,20.422091
sots_o,1839_0.8_0.12.png,dcp,20.390376
sots_o,1839_0.8_0.12.png,aodnet,20.471854
sots_o,1840_0.85_0.08.png,original,20.190065
sots_o,1840_0.85_0.08.png,dcp,19.839854
sots_o,1840_0.85_0.08.png,aodnet,20.158898
sots_o,1843_0.8_0.12.png,original,20.472775
sots_o,1843_0.8_0.12.png,dcp,20.300346
sots_o,1843_0.8_0.12.png,aodnet,20.530914
sots_o,1845_0.9_0.08.png,original,19.899563
sots_o,1845_0.9_0.08.png,dcp,19.663236
sots_o,1845_0.9_0.08.png,aodnet,19.986639
sots_o,1846_0.9_0.08.png,original,20.753532
sots_o,1846_0.9_0.08.png,dcp,20.610056
sots_o,1846_0.9_0.08.png,aodnet,21.153256
sots_o,1848_0.8_0.12.png,original,20.776937
sots_o,1848_0.8_0.12.png,dcp,20.870291
sots_o,1848_0.8_0.12.png,aodnet,20.950840
sots_o,1849_1_0.12.png,original,20.459941
sots_o,1849_1_0.12.png,dcp,20.311704
sots_o,1849_1_0.12.png,aodnet,20.763600
sots_o,1851_0.85_0.08.png,original,20.477596
sots_o,1851_0.85_0.08.png,dcp,20.465238
sots_o,1851_0.85_0.08.png,aodnet,20.611903
sots_o,1852_0.85_0.08.png,original,20.680741
sots_o,1852_0.85_0.08.png,dcp,20.508852
sots_o,1852_0.85_0.08.png,aodnet,20.887082
sots_o,1853_0.85_0.08.png,original,20.068381
sots_o,1853_0.85_0.08.png,dcp,19.964878
sots_o,1853_0.85_0.08.png,aodnet,20.063400
sots_o,1855_0.9_0.08.png,original,20.301848
sots_o,1855_0.9_0.08.png,dcp,20.284391
sots_o,1855_0.9_0.08.png,aodnet,20.271559
sots_o,1857_0.8_0.12.png,original,20.940847
sots_o,1857_0.8_0.12.png,dcp,20.892425
sots_o,1857_0.8_0.12.png,aodnet,21.048308
sots_o,1858_0.95_0.08.png,original,19.512556
sots_o,1858_0.95_0.08.png,dcp,19.593397
sots_o,1858_0.95_0.08.png,aodnet,19.604369
sots_o,1859_0.85_0.16.png,original,20.265516
sots_o,1859_0.85_0.16.png,dcp,19.881004
sots_o,1859_0.85_0.16.png,aodnet,20.186944
sots_o,1861_0.85_0.2.png,original,20.875153
sots_o,1861_0.85_0.2.png,dcp,20.627274
sots_o,1861_0.85_0.2.png,aodnet,20.925098
sots_o,1862_0.8_0.12.png,original,20.208222
sots_o,1862_0.8_0.12.png,dcp,20.165927
sots_o,1862_0.8_0.12.png,aodnet,20.194510
sots_o,1863_1_0.08.png,original,20.614381
sots_o,1863_1_0.08.png,dcp,20.377836
sots_o,1863_1_0.08.png,aodnet,20.609827
sots_o,1865_0.85_0.08.png,original,20.992455
sots_o,1865_0.85_0.08.png,dcp,20.439031
sots_o,1865_0.85_0.08.png,aodnet,20.929270
sots_o,1867_0.8_0.2.png,original,20.822751
sots_o,1867_0.8_0.2.png,dcp,20.241309
sots_o,1867_0.8_0.2.png,aodnet,20.784496
sots_o,1868_1_0.08.png,original,20.599981
sots_o,1868_1_0.08.png,dcp,20.459382
sots_o,1868_1_0.08.png,aodnet,20.766196
sots_o,1869_1_0.2.png,original,19.325640
sots_o,1869_1_0.2.png,dcp,18.376432
sots_o,1869_1_0.2.png,aodnet,19.192328
sots_o,1871_0.95_0.08.png,original,19.602379
sots_o,1871_0.95_0.08.png,dcp,18.996447
sots_o,1871_0.95_0.08.png,aodnet,19.430919
sots_o,1872_0.95_0.08.png,original,20.225804
sots_o,1872_0.95_0.08.png,dcp,20.270325
sots_o,1872_0.95_0.08.png,aodnet,20.294609
sots_o,1873_0.85_0.16.png,original,20.526168
sots_o,1873_0.85_0.16.png,dcp,19.968888
sots_o,1873_0.85_0.16.png,aodnet,20.219025
sots_o,1874_0.85_0.12.png,original,20.358858
sots_o,1874_0.85_0.12.png,dcp,20.468404
sots_o,1874_0.85_0.12.png,aodnet,20.468803
sots_o,1875_0.85_0.08.png,original,20.394155
sots_o,1875_0.85_0.08.png,dcp,20.502943
sots_o,1875_0.85_0.08.png,aodnet,20.528506
sots_o,1876_1_0.16.png,original,19.989984
sots_o,1876_1_0.16.png,dcp,19.583694
sots_o,1876_1_0.16.png,aodnet,19.890514
sots_o,1877_0.9_0.12.png,original,20.716870
sots_o,1877_0.9_0.12.png,dcp,20.658285
sots_o,1877_0.9_0.12.png,aodnet,20.907578
sots_o,1878_0.9_0.12.png,original,20.464554
sots_o,1878_0.9_0.12.png,dcp,20.486701
sots_o,1878_0.9_0.12.png,aodnet,20.500514
sots_o,1879_0.9_0.08.png,original,20.366827
sots_o,1879_0.9_0.08.png,dcp,20.333485
sots_o,1879_0.9_0.08.png,aodnet,20.487913
sots_o,1880_0.9_0.08.png,original,19.382707
sots_o,1880_0.9_0.08.png,dcp,19.004953
sots_o,1880_0.9_0.08.png,aodnet,19.304124
sots_o,1881_0.8_0.16.png,original,19.361280
sots_o,1881_0.8_0.16.png,dcp,18.582257
sots_o,1881_0.8_0.16.png,aodnet,19.337210
sots_o,1882_0.85_0.2.png,original,21.594777
sots_o,1882_0.85_0.2.png,dcp,20.950951
sots_o,1882_0.85_0.2.png,aodnet,21.809202
sots_o,1883_0.8_0.12.png,original,20.540341
sots_o,1883_0.8_0.12.png,dcp,20.374025
sots_o,1883_0.8_0.12.png,aodnet,20.767528
sots_o,1887_0.95_0.08.png,original,21.113986
sots_o,1887_0.95_0.08.png,dcp,21.282430
sots_o,1887_0.95_0.08.png,aodnet,21.205187
sots_o,1889_0.85_0.08.png,original,21.107548
sots_o,1889_0.85_0.08.png,dcp,21.076895
sots_o,1889_0.85_0.08.png,aodnet,20.978035
sots_o,1891_0.9_0.16.png,original,20.325857
sots_o,1891_0.9_0.16.png,dcp,20.396438
sots_o,1891_0.9_0.16.png,aodnet,20.353720
sots_o,1893_0.9_0.2.png,original,20.993905
sots_o,1893_0.9_0.2.png,dcp,20.594404
sots_o,1893_0.9_0.2.png,aodnet,21.152117
sots_o,1896_0.9_0.08.png,original,20.061996
sots_o,1896_0.9_0.08.png,dcp,19.936665
sots_o,1896_0.9_0.08.png,aodnet,20.294905
sots_o,1898_0.85_0.08.png,original,20.680805
sots_o,1898_0.85_0.08.png,dcp,20.507560
sots_o,1898_0.85_0.08.png,aodnet,21.319895
sots_o,1899_0.8_0.08.png,original,20.615800
sots_o,1899_0.8_0.08.png,dcp,20.052738
sots_o,1899_0.8_0.08.png,aodnet,20.647828
sots_o,1900_0.8_0.08.png,original,21.033110
sots_o,1900_0.8_0.08.png,dcp,21.212418
sots_o,1900_0.8_0.08.png,aodnet,21.384792
sots_o,1903_0.95_0.08.png,original,19.553186
sots_o,1903_0.95_0.08.png,dcp,19.273004
sots_o,1903_0.95_0.08.png,aodnet,19.675475
sots_o,1909_0.85_0.2.png,original,20.461203
sots_o,1909_0.85_0.2.png,dcp,20.266405
sots_o,1909_0.85_0.2.png,aodnet,20.728230
sots_o,1913_0.95_0.08.png,original,19.491716
sots_o,1913_0.95_0.08.png,dcp,19.322353
sots_o,1913_0.95_0.08.png,aodnet,19.531299
sots_o,1915_1_0.08.png,original,20.289712
sots_o,1915_1_0.08.png,dcp,20.274900
sots_o,1915_1_0.08.png,aodnet,20.335790
sots_o,1917_0.95_0.2.png,original,20.307135
sots_o,1917_0.95_0.2.png,dcp,19.605710
sots_o,1917_0.95_0.2.png,aodnet,20.287457
sots_o,1919_1_0.08.png,original,19.346985
sots_o,1919_1_0.08.png,dcp,18.842662
sots_o,1919_1_0.08.png,aodnet,19.348722
sots_o,1920_0.95_0.16.png,original,20.056701
sots_o,1920_0.95_0.16.png,dcp,19.083251
sots_o,1920_0.95_0.16.png,aodnet,19.981702
sots_o,1921_0.95_0.08.png,original,18.954351
sots_o,1921_0.95_0.08.png,dcp,18.554552
sots_o,1921_0.95_0.08.png,aodnet,19.113489
sots_o,1923_0.9_0.08.png,original,20.101629
sots_o,1923_0.9_0.08.png,dcp,19.907011
sots_o,1923_0.9_0.08.png,aodnet,20.180144
sots_o,1924_0.85_0.12.png,original,20.914543
sots_o,1924_0.85_0.12.png,dcp,20.882542
sots_o,1924_0.85_0.12.png,aodnet,21.302376
sots_o,1926_0.9_0.16.png,original,20.058845
sots_o,1926_0.9_0.16.png,dcp,19.436975
sots_o,1926_0.9_0.16.png,aodnet,20.028990
sots_o,1927_0.9_0.08.png,original,20.712971
sots_o,1927_0.9_0.08.png,dcp,20.634806
sots_o,1927_0.9_0.08.png,aodnet,20.805865
sots_o,1928_0.9_0.08.png,original,20.132847
sots_o,1928_0.9_0.08.png,dcp,19.871034
sots_o,1928_0.9_0.08.png,aodnet,20.263907
sots_o,1930_0.8_0.08.png,original,21.315021
sots_o,1930_0.8_0.08.png,dcp,20.323640
sots_o,1930_0.8_0.08.png,aodnet,21.110543
sots_o,1931_0.8_0.08.png,original,19.632605
sots_o,1931_0.8_0.08.png,dcp,19.256589
sots_o,1931_0.8_0.08.png,aodnet,19.607511
sots_o,1932_0.8_0.2.png,original,20.884929
sots_o,1932_0.8_0.2.png,dcp,20.582452
sots_o,1932_0.8_0.2.png,aodnet,20.963803
sots_o,1933_0.8_0.2.png,original,20.184859
sots_o,1933_0.8_0.2.png,dcp,19.639651
sots_o,1933_0.8_0.2.png,aodnet,20.147454
sots_o,1934_1_0.08.png,original,20.155042
sots_o,1934_1_0.08.png,dcp,19.569443
sots_o,1934_1_0.08.png,aodnet,20.235613
sots_o,1936_0.95_0.08.png,original,19.995735
sots_o,1936_0.95_0.08.png,dcp,19.477060
sots_o,1936_0.95_0.08.png,aodnet,19.969982
sots_o,1938_0.85_0.12.png,original,20.028837
sots_o,1938_0.85_0.12.png,dcp,19.723356
sots_o,1938_0.85_0.12.png,aodnet,20.121954
sots_o,1940_0.9_0.16.png,original,20.607934
sots_o,1940_0.9_0.16.png,dcp,19.949312
sots_o,1940_0.9_0.16.png,aodnet,20.667610
sots_o,1942_0.85_0.08.png,original,20.396643
sots_o,1942_0.85_0.08.png,dcp,20.211228
sots_o,1942_0.85_0.08.png,aodnet,20.476210
sots_o,1944_0.9_0.16.png,original,20.452713
sots_o,1944_0.9_0.16.png,dcp,20.430920
sots_o,1944_0.9_0.16.png,aodnet,20.505729
sots_o,1945_0.9_0.12.png,original,20.571564
sots_o,1945_0.9_0.12.png,dcp,19.320631
sots_o,1945_0.9_0.12.png,aodnet,20.377375
sots_o,1947_0.8_0.16.png,original,20.596806
sots_o,1947_0.8_0.16.png,dcp,20.099981
sots_o,1947_0.8_0.16.png,aodnet,20.560786
sots_o,1949_0.8_0.2.png,original,20.345750
sots_o,1949_0.8_0.2.png,dcp,19.751786
sots_o,1949_0.8_0.2.png,aodnet,20.519432
sots_o,1950_1_0.08.png,original,20.097556
sots_o,1950_1_0.08.png,dcp,20.235220
sots_o,1950_1_0.08.png,aodnet,20.390246
sots_o,1953_0.8_0.2.png,original,20.528124
sots_o,1953_0.8_0.2.png,dcp,20.048798
sots_o,1953_0.8_0.2.png,aodnet,20.410363
sots_o,1954_1_0.08.png,original,20.933620
sots_o,1954_1_0.08.png,dcp,20.503357
sots_o,1954_1_0.08.png,aodnet,21.171281
sots_o,1956_0.8_0.12.png,original,20.265619
sots_o,1956_0.8_0.12.png,dcp,20.317345
sots_o,1956_0.8_0.12.png,aodnet,20.453905
sots_o,1958_0.9_0.08.png,original,19.358419
sots_o,1958_0.9_0.08.png,dcp,18.744614
sots_o,1958_0.9_0.08.png,aodnet,19.207585
sots_o,1960_0.85_0.2.png,original,20.585805
sots_o,1960_0.85_0.2.png,dcp,20.543009
sots_o,1960_0.85_0.2.png,aodnet,20.625517
sots_o,1962_0.9_0.08.png,original,20.480589
sots_o,1962_0.9_0.08.png,dcp,20.226579
sots_o,1962_0.9_0.08.png,aodnet,20.448836
sots_o,1964_0.85_0.2.png,original,19.763706
sots_o,1964_0.85_0.2.png,dcp,19.114746
sots_o,1964_0.85_0.2.png,aodnet,19.704087
sots_o,1966_0.9_0.08.png,original,20.556260
sots_o,1966_0.9_0.08.png,dcp,20.507774
sots_o,1966_0.9_0.08.png,aodnet,20.589010
sots_o,1968_0.8_0.12.png,original,20.595698
sots_o,1968_0.8_0.12.png,dcp,20.544196
sots_o,1968_0.8_0.12.png,aodnet,20.703608
sots_o,1970_0.9_0.08.png,original,19.259957
sots_o,1970_0.9_0.08.png,dcp,18.866735
sots_o,1970_0.9_0.08.png,aodnet,19.279941
sots_o,1971_1_0.08.png,original,19.456051
sots_o,1971_1_0.08.png,dcp,18.574351
sots_o,1971_1_0.08.png,aodnet,19.079968
sots_o,1973_0.95_0.08.png,original,19.887092
sots_o,1973_0.95_0.08.png,dcp,19.606489
sots_o,1973_0.95_0.08.png,aodnet,19.742603
sots_o,1975_0.85_0.12.png,original,21.555276
sots_o,1975_0.85_0.12.png,dcp,21.028798
sots_o,1975_0.85_0.12.png,aodnet,21.308217
sots_o,1977_0.8_0.08.png,original,20.682098
sots_o,1977_0.8_0.08.png,dcp,20.793320
sots_o,1977_0.8_0.08.png,aodnet,20.832939
sots_o,1981_0.8_0.2.png,original,20.337405
sots_o,1981_0.8_0.2.png,dcp,20.122151
sots_o,1981_0.8_0.2.png,aodnet,20.321954
sots_o,1982_1_0.08.png,original,20.428318
sots_o,1982_1_0.08.png,dcp,20.446503
sots_o,1982_1_0.08.png,aodnet,20.732711
sots_o,1984_0.85_0.08.png,original,20.610250
sots_o,1984_0.85_0.08.png,dcp,20.557774
sots_o,1984_0.85_0.08.png,aodnet,20.555171
sots_o,1986_0.9_0.08.png,original,20.636384
sots_o,1986_0.9_0.08.png,dcp,20.741383
sots_o,1986_0.9_0.08.png,aodnet,20.792349
sots_o,1988_0.8_0.12.png,original,20.260155
sots_o,1988_0.8_0.12.png,dcp,20.264787
sots_o,1988_0.8_0.12.png,aodnet,20.352454
real,03a75e1c49e5784b642f289e80591283.png,original,21.233817
real,03a75e1c49e5784b642f289e80591283.png,dcp,20.915368
real,03a75e1c49e5784b642f289e80591283.png,aodnet,21.174283
real,1218583022b2b34611fe0f21881993ef.png,original,23.421522
real,1218583022b2b34611fe0f21881993ef.png,dcp,24.217063
real,1218583022b2b34611fe0f21881993ef.png,aodnet,23.905671
real,1645dc06c0d94cd4258395313f9d476d.png,original,20.427033
real,1645dc06c0d94cd4258395313f9d476d.png,dcp,20.898601
real,1645dc06c0d94cd4258395313f9d476d.png,aodnet,20.816500
real,1acab86575bdcf430c06761a681e9214.png,original,17.894656
real,1acab86575bdcf430c06761a681e9214.png,dcp,17.922603
real,1acab86575bdcf430c06761a681e9214.png,aodnet,18.825359
real,24a69ff05fb0169cb3b238db5e966704.png,original,20.831521
real,24a69ff05fb0169cb3b238db5e966704.png,dcp,20.887945
real,24a69ff05fb0169cb3b238db5e966704.png,aodnet,20.774560
real,35c7c5dd265b04ccd11bb38a4b5caa56.png,original,20.589858
real,35c7c5dd265b04ccd11bb38a4b5caa56.png,dcp,20.700122
real,35c7c5dd265b04ccd11bb38a4b5caa56.png,aodnet,21.285837
real,464455.png,original,20.508638
real,464455.png,dcp,20.165768
real,464455.png,aodnet,20.508696
real,4f2d2e97750d72da0eed39aee4d7d045.png,original,20.997782
real,4f2d2e97750d72da0eed39aee4d7d045.png,dcp,20.955652
real,4f2d2e97750d72da0eed39aee4d7d045.png,aodnet,21.255748
real,4fd32ab5c27890170d3fa38714ddb2f4.png,original,21.016708
real,4fd32ab5c27890170d3fa38714ddb2f4.png,dcp,20.978974
real,4fd32ab5c27890170d3fa38714ddb2f4.png,aodnet,21.748554
real,4fffd696b041ae2a90481e20ff21a206.png,original,20.632543
real,4fffd696b041ae2a90481e20ff21a206.png,dcp,20.576370
real,4fffd696b041ae2a90481e20ff21a206.png,aodnet,20.941387
real,554b4fdda9997c5e787ab552770ead04.png,original,20.808363
real,554b4fdda9997c5e787ab552770ead04.png,dcp,20.594184
real,554b4fdda9997c5e787ab552770ead04.png,aodnet,20.773183
real,56ef3663c020e7e8e46590974fff92b8.png,original,22.046421
real,56ef3663c020e7e8e46590974fff92b8.png,dcp,21.961270
real,56ef3663c020e7e8e46590974fff92b8.png,aodnet,23.278748
real,5a64e07ca6ae2d03e162d7f83d962da8.png,original,20.647315
real,5a64e07ca6ae2d03e162d7f83d962da8.png,dcp,20.650561
real,5a64e07ca6ae2d03e162d7f83d962da8.png,aodnet,20.709280
real,61e5a2788aa73bf28795b04c78a9cad5.png,original,20.343779
real,61e5a2788aa73bf28795b04c78a9cad5.png,dcp,20.507038
real,61e5a2788aa73bf28795b04c78a9cad5.png,aodnet,20.547392
real,65c445954595686356ba3095d28af1a5.png,original,20.777003
real,65c445954595686356ba3095d28af1a5.png,dcp,20.786746
real,65c445954595686356ba3095d28af1a5.png,aodnet,21.114047
real,69d18c55fc692e79621cf9a2b8ef1d2a.png,original,20.638356
real,69d18c55fc692e79621cf9a2b8ef1d2a.png,dcp,20.925622
real,69d18c55fc692e79621cf9a2b8ef1d2a.png,aodnet,20.935556
real,6f8fa2c9da479c1c6a4a74bc7e53469b.png,original,21.107635
real,6f8fa2c9da479c1c6a4a74bc7e53469b.png,dcp,21.114639
real,6f8fa2c9da479c1c6a4a74bc7e53469b.png,aodnet,21.585949
real,7bcdc17b33fd0ccaa9019a1355df77c1.png,original,20.937355
real,7bcdc17b33fd0ccaa9019a1355df77c1.png,dcp,21.742998
real,7bcdc17b33fd0ccaa9019a1355df77c1.png,aodnet,21.008261
real,7e9499869b9cdfcd2b891d12475aaaf2.png,original,20.924858
real,7e9499869b9cdfcd2b891d12475aaaf2.png,dcp,21.148023
real,7e9499869b9cdfcd2b891d12475aaaf2.png,aodnet,20.826316
real,805ef941e7dbd1fd2e97a2e3b89cfd1d.png,original,21.021649
real,805ef941e7dbd1fd2e97a2e3b89cfd1d.png,dcp,20.939515
real,805ef941e7dbd1fd2e97a2e3b89cfd1d.png,aodnet,21.139140
real,874c082c4d60a402c25156ac8a8b4392.png,original,20.394824
real,874c082c4d60a402c25156ac8a8b4392.png,dcp,20.402863
real,874c082c4d60a402c25156ac8a8b4392.png,aodnet,20.817946
real,95c7ccf25e9c5fa0cbc15040865e414e.png,original,20.453527
real,95c7ccf25e9c5fa0cbc15040865e414e.png,dcp,20.591689
real,95c7ccf25e9c5fa0cbc15040865e414e.png,aodnet,21.290529
real,9c4322e24f9487209ca61ebc984259db.png,original,20.774875
real,9c4322e24f9487209ca61ebc984259db.png,dcp,20.797561
real,9c4322e24f9487209ca61ebc984259db.png,aodnet,22.583232
real,AA1wVB2r.png,original,20.338696
real,AA1wVB2r.png,dcp,20.179273
real,AA1wVB2r.png,aodnet,20.359634
real,IMG_22111.png,original,20.103345
real,IMG_22111.png,dcp,20.019933
real,IMG_22111.png,aodnet,20.039186
real,R.png,original,20.068888
real,R.png,dcp,19.775040
real,R.png,aodnet,20.172073
real,a18fbbff37e75e19ff0e41a38c89de01.png,original,20.848319
real,a18fbbff37e75e19ff0e41a38c89de01.png,dcp,20.889697
real,a18fbbff37e75e19ff0e41a38c89de01.png,aodnet,21.241614
real,a4125c8e45bbc8bed6ca6fe12f41395c.png,original,20.087312
real,a4125c8e45bbc8bed6ca6fe12f41395c.png,dcp,20.136978
real,a4125c8e45bbc8bed6ca6fe12f41395c.png,aodnet,20.416579
real,a4405e3aefc74c94738ccad6f05c5be8.png,original,20.666216
real,a4405e3aefc74c94738ccad6f05c5be8.png,dcp,20.552487
real,a4405e3aefc74c94738ccad6f05c5be8.png,aodnet,20.971351
real,b4jnamqblby31.png,original,20.859052
real,b4jnamqblby31.png,dcp,20.753611
real,b4jnamqblby31.png,aodnet,21.631593
real,b67f5d192f89e8322fdb1cfd33472a60.png,original,20.249800
real,b67f5d192f89e8322fdb1cfd33472a60.png,dcp,20.341949
real,b67f5d192f89e8322fdb1cfd33472a60.png,aodnet,20.652054
real,b7e4ddbd081508350f7ea267973c6ebe.png,original,21.100035
real,b7e4ddbd081508350f7ea267973c6ebe.png,dcp,21.041808
real,b7e4ddbd081508350f7ea267973c6ebe.png,aodnet,22.276782
real,c680ee3de12c3367b4d154dfd0faa91a.png,original,20.812834
real,c680ee3de12c3367b4d154dfd0faa91a.png,dcp,21.137119
real,c680ee3de12c3367b4d154dfd0faa91a.png,aodnet,20.972408
real,caef02fdb50f8d880962a6ea1f4719b2.png,original,20.618090
real,caef02fdb50f8d880962a6ea1f4719b2.png,dcp,20.707316
real,caef02fdb50f8d880962a6ea1f4719b2.png,aodnet,21.047347
real,d9ebef9f206c8d920033bd4f1b1e5f92.png,original,20.750434
real,d9ebef9f206c8d920033bd4f1b1e5f92.png,dcp,20.464990
real,d9ebef9f206c8d920033bd4f1b1e5f92.png,aodnet,20.544338
real,da6dc6db8d0cd582bdc1419279c0192e.png,original,20.772290
real,da6dc6db8d0cd582bdc1419279c0192e.png,dcp,20.771844
real,da6dc6db8d0cd582bdc1419279c0192e.png,aodnet,20.936127
real,e221014826c058491a3f2a477c011690.png,original,20.509484
real,e221014826c058491a3f2a477c011690.png,dcp,20.517806
real,e221014826c058491a3f2a477c011690.png,aodnet,20.923516
real,e3a4aac32548d8f1e597542980e3e975.png,original,20.031234
real,e3a4aac32548d8f1e597542980e3e975.png,dcp,20.034114
real,e3a4aac32548d8f1e597542980e3e975.png,aodnet,20.173181
real,f2b33c4b7f1153f1b2be5cb830bcebb8.png,original,20.702483
real,f2b33c4b7f1153f1b2be5cb830bcebb8.png,dcp,20.848234
real,f2b33c4b7f1153f1b2be5cb830bcebb8.png,aodnet,20.893649
real,f3a22c0415830b5577b301a258298459.png,original,20.983207
real,f3a22c0415830b5577b301a258298459.png,dcp,20.918156
real,f3a22c0415830b5577b301a258298459.png,aodnet,21.453143
real,fc555df357ee0d2c92d066be0338d4af.png,original,21.133120
real,fc555df357ee0d2c92d066be0338d4af.png,dcp,21.414478
real,fc555df357ee0d2c92d066be0338d4af.png,aodnet,22.150106
real,foggy-weather-1.png,original,22.878730
real,foggy-weather-1.png,dcp,22.261223
real,foggy-weather-1.png,aodnet,22.973469
real,foggy-weather-2.png,original,22.707869
real,foggy-weather-2.png,dcp,21.818933
real,foggy-weather-2.png,aodnet,23.179324
real,foggy_san_francisco_by_warriorofheaven_d1h6taf-fullview.png,original,21.357225
real,foggy_san_francisco_by_warriorofheaven_d1h6taf-fullview.png,dcp,20.504423
real,foggy_san_francisco_by_warriorofheaven_d1h6taf-fullview.png,aodnet,21.048045
real,img_3987z-mysterious-photograph-of-foggy-waterfront-park-and-the-county-administration-building.png,original,20.532719
real,img_3987z-mysterious-photograph-of-foggy-waterfront-park-and-the-county-administration-building.png,dcp,20.449424
real,img_3987z-mysterious-photograph-of-foggy-waterfront-park-and-the-county-administration-building.png,aodnet,20.565458
